# Horizontal door (0 deg), 3 plugs pulled at t = 0. Digitised from the scale-log plots (measurements 1-4).
# t_s: time since start of outflow; m_out_kg: cumulative water collected; V_drain_l: drainable water still in the door;
# V_left_l: water still in the door = V_drain + (m_in - m_out_final)/rho (measurement 2: m_in missing -> V_left = V_drain).
# rho = 0.998 kg/l. Digitisation accuracy about +-0.03 kg; scale disturbances (dips) removed.
run,t_s,m_out_kg,V_drain_l,V_left_l
1,-1.00,0.0000,10.4970,10.7465
1,-0.90,0.0002,10.4967,10.7462
1,-0.80,0.0018,10.4952,10.7447
1,-0.70,0.0041,10.4929,10.7424
1,-0.60,0.0065,10.4905,10.7400
1,-0.50,0.0125,10.4844,10.7339
1,-0.40,0.0245,10.4724,10.7219
1,-0.30,0.0431,10.4538,10.7033
1,-0.20,0.0682,10.4286,10.6781
1,-0.10,0.0969,10.3999,10.6494
1,-0.00,0.1290,10.3677,10.6172
1,0.10,0.1643,10.3324,10.5819
1,0.20,0.2012,10.2954,10.5449
1,0.30,0.2400,10.2565,10.5060
1,0.40,0.2818,10.2146,10.4641
1,0.50,0.3232,10.1732,10.4227
1,0.60,0.3751,10.1211,10.3706
1,0.70,0.4360,10.0601,10.3096
1,0.80,0.5026,9.9934,10.2429
1,0.90,0.5744,9.9214,10.1709
1,1.00,0.6476,9.8481,10.0976
1,1.10,0.7234,9.7722,10.0217
1,1.20,0.8026,9.6928,9.9423
1,1.30,0.8828,9.6124,9.8619
1,1.40,0.9648,9.5302,9.7797
1,1.50,1.0595,9.4354,9.6849
1,1.60,1.1530,9.3417,9.5912
1,1.70,1.2449,9.2496,9.4991
1,1.80,1.3330,9.1613,9.4108
1,1.90,1.4163,9.0778,9.3273
1,2.00,1.4990,8.9950,9.2445
1,2.10,1.5800,8.9138,9.1633
1,2.20,1.6581,8.8356,9.0851
1,2.30,1.7360,8.7576,9.0071
1,2.40,1.8126,8.6807,8.9302
1,2.50,1.8823,8.6109,8.8604
1,2.60,1.9517,8.5414,8.7909
1,2.70,2.0207,8.4723,8.7218
1,2.80,2.0945,8.3983,8.6478
1,2.90,2.1680,8.3246,8.5741
1,3.00,2.2406,8.2519,8.5014
1,3.10,2.3150,8.1774,8.4269
1,3.20,2.3908,8.1014,8.3509
1,3.30,2.4662,8.0258,8.2753
1,3.40,2.5444,7.9475,8.1970
1,3.50,2.6222,7.8696,8.1191
1,3.60,2.6986,7.7930,8.0425
1,3.70,2.7757,7.7157,7.9652
1,3.80,2.8477,7.6436,7.8931
1,3.90,2.9233,7.5679,7.8174
1,4.00,3.0007,7.4903,7.7398
1,4.10,3.0777,7.4131,7.6626
1,4.20,3.1558,7.3348,7.5843
1,4.30,3.2354,7.2551,7.5046
1,4.40,3.3126,7.1778,7.4273
1,4.50,3.3961,7.0941,7.3436
1,4.60,3.4810,7.0090,7.2585
1,4.70,3.5647,6.9252,7.1747
1,4.80,3.6498,6.8399,7.0894
1,4.90,3.7316,6.7579,7.0074
1,5.00,3.8125,6.6769,6.9264
1,5.10,3.8921,6.5971,6.8466
1,5.20,3.9690,6.5200,6.7695
1,5.30,4.0446,6.4443,6.6938
1,5.40,4.1196,6.3692,6.6187
1,5.50,4.1870,6.3016,6.5511
1,5.60,4.2555,6.2330,6.4825
1,5.70,4.3251,6.1633,6.4128
1,5.80,4.3979,6.0903,6.3398
1,5.90,4.4729,6.0151,6.2646
1,6.00,4.5477,5.9402,6.1897
1,6.10,4.6239,5.8639,6.1134
1,6.20,4.7021,5.7855,6.0350
1,6.30,4.7802,5.7072,5.9567
1,6.40,4.8606,5.6267,5.8762
1,6.50,4.9429,5.5442,5.7937
1,6.60,5.0209,5.4661,5.7156
1,6.70,5.0977,5.3891,5.6386
1,6.80,5.1697,5.3170,5.5665
1,6.90,5.2424,5.2441,5.4936
1,7.00,5.3155,5.1708,5.4203
1,7.10,5.3871,5.0990,5.3485
1,7.20,5.4577,5.0283,5.2778
1,7.30,5.5285,4.9574,5.2069
1,7.40,5.5960,4.8898,5.1393
1,7.50,5.6662,4.8194,5.0689
1,7.60,5.7391,4.7464,4.9959
1,7.70,5.8107,4.6746,4.9241
1,7.80,5.8845,4.6007,4.8502
1,7.90,5.9550,4.5301,4.7796
1,8.00,6.0249,4.4600,4.7095
1,8.10,6.0944,4.3904,4.6399
1,8.20,6.1624,4.3222,4.5717
1,8.30,6.2294,4.2551,4.5046
1,8.40,6.2970,4.1874,4.4369
1,8.50,6.3573,4.1270,4.3765
1,8.60,6.4165,4.0676,4.3171
1,8.70,6.4766,4.0074,4.2569
1,8.80,6.5381,3.9458,4.1953
1,8.90,6.6025,3.8813,4.1308
1,9.00,6.6658,3.8178,4.0673
1,9.10,6.7292,3.7544,4.0039
1,9.20,6.7939,3.6895,3.9390
1,9.30,6.8587,3.6246,3.8741
1,9.40,6.9239,3.5592,3.8087
1,9.50,6.9916,3.4913,3.7408
1,9.60,7.0553,3.4276,3.6771
1,9.70,7.1178,3.3650,3.6145
1,9.80,7.1769,3.3058,3.5552
1,9.90,7.2362,3.2463,3.4958
1,10.00,7.2965,3.1859,3.4354
1,10.10,7.3562,3.1261,3.3756
1,10.20,7.4149,3.0673,3.3168
1,10.30,7.4741,3.0079,3.2574
1,10.40,7.5321,2.9498,3.1993
1,10.50,7.5912,2.8906,3.1401
1,10.60,7.6529,2.8287,3.0782
1,10.70,7.7134,2.7682,3.0177
1,10.80,7.7754,2.7060,2.9555
1,10.90,7.8337,2.6476,2.8971
1,11.00,7.8911,2.5901,2.8396
1,11.10,7.9472,2.5338,2.7833
1,11.20,8.0020,2.4790,2.7285
1,11.30,8.0556,2.4253,2.6748
1,11.40,8.1093,2.3715,2.6210
1,11.50,8.1574,2.3233,2.5728
1,11.60,8.2045,2.2760,2.5255
1,11.70,8.2523,2.2281,2.4776
1,11.80,8.3003,2.1801,2.4296
1,11.90,8.3522,2.1281,2.3776
1,12.00,8.4043,2.0759,2.3254
1,12.10,8.4571,2.0229,2.2724
1,12.20,8.5110,1.9689,2.2184
1,12.30,8.5654,1.9145,2.1640
1,12.40,8.6202,1.8595,2.1090
1,12.50,8.6829,1.7967,2.0462
1,12.60,8.7446,1.7348,1.9843
1,12.70,8.8047,1.6746,1.9241
1,12.80,8.8609,1.6184,1.8679
1,12.90,8.9129,1.5662,1.8157
1,13.00,8.9641,1.5150,1.7645
1,13.10,9.0141,1.4648,1.7143
1,13.20,9.0628,1.4161,1.6656
1,13.30,9.1110,1.3677,1.6172
1,13.40,9.1589,1.3197,1.5692
1,13.50,9.2016,1.2770,1.5265
1,13.60,9.2424,1.2361,1.4856
1,13.70,9.2826,1.1958,1.4453
1,13.80,9.3260,1.1524,1.4019
1,13.90,9.3692,1.1090,1.3585
1,14.00,9.4125,1.0657,1.3152
1,14.10,9.4558,1.0222,1.2717
1,14.20,9.4995,0.9785,1.2280
1,14.30,9.5430,0.9349,1.1844
1,14.40,9.5876,0.8901,1.1396
1,14.50,9.6323,0.8454,1.0949
1,14.60,9.6747,0.8029,1.0524
1,14.70,9.7145,0.7630,1.0125
1,14.80,9.7497,0.7278,0.9773
1,14.90,9.7856,0.6918,0.9413
1,15.00,9.8208,0.6565,0.9060
1,15.10,9.8555,0.6218,0.8713
1,15.20,9.8900,0.5872,0.8367
1,15.30,9.9243,0.5528,0.8023
1,15.40,9.9563,0.5207,0.7702
1,15.50,9.9889,0.4880,0.7375
1,15.60,10.0215,0.4555,0.7050
1,15.70,10.0526,0.4243,0.6738
1,15.80,10.0828,0.3940,0.6435
1,15.90,10.1108,0.3659,0.6154
1,16.00,10.1386,0.3381,0.5876
1,16.10,10.1656,0.3110,0.5605
1,16.20,10.1917,0.2849,0.5344
1,16.30,10.2170,0.2595,0.5090
1,16.40,10.2424,0.2341,0.4836
1,16.50,10.2636,0.2129,0.4624
1,16.60,10.2811,0.1953,0.4448
1,16.70,10.2962,0.1801,0.4296
1,16.80,10.3102,0.1661,0.4156
1,16.90,10.3235,0.1528,0.4023
1,17.00,10.3359,0.1404,0.3899
1,17.10,10.3489,0.1274,0.3769
1,17.20,10.3623,0.1139,0.3634
1,17.30,10.3750,0.1012,0.3507
1,17.40,10.3867,0.0895,0.3390
1,17.50,10.3975,0.0787,0.3282
1,17.60,10.4062,0.0699,0.3194
1,17.70,10.4127,0.0634,0.3129
1,17.80,10.4168,0.0593,0.3088
1,17.90,10.4203,0.0558,0.3053
1,18.00,10.4238,0.0523,0.3018
1,18.10,10.4264,0.0497,0.2992
1,18.20,10.4293,0.0468,0.2963
1,18.30,10.4328,0.0433,0.2928
1,18.40,10.4360,0.0401,0.2896
1,18.50,10.4386,0.0375,0.2870
1,18.60,10.4409,0.0352,0.2847
1,18.70,10.4432,0.0328,0.2823
1,18.80,10.4456,0.0305,0.2800
1,18.90,10.4479,0.0282,0.2777
1,19.00,10.4502,0.0258,0.2753
1,19.10,10.4521,0.0239,0.2734
1,19.20,10.4527,0.0233,0.2728
1,19.30,10.4527,0.0233,0.2728
1,19.40,10.4527,0.0233,0.2728
1,19.50,10.4527,0.0233,0.2728
1,19.60,10.4527,0.0233,0.2728
1,19.70,10.4527,0.0233,0.2728
1,19.80,10.4527,0.0233,0.2728
1,19.90,10.4527,0.0233,0.2728
1,20.00,10.4527,0.0233,0.2728
1,20.10,10.4527,0.0233,0.2728
1,20.20,10.4527,0.0233,0.2728
1,20.30,10.4527,0.0233,0.2728
1,20.40,10.4527,0.0233,0.2728
1,20.50,10.4527,0.0233,0.2728
1,20.60,10.4527,0.0233,0.2728
1,20.70,10.4527,0.0233,0.2728
1,20.80,10.4527,0.0233,0.2728
1,20.90,10.4527,0.0233,0.2728
1,21.00,10.4527,0.0233,0.2728
1,21.10,10.4527,0.0233,0.2728
1,21.20,10.4527,0.0233,0.2728
1,21.30,10.4527,0.0233,0.2728
1,21.40,10.4527,0.0233,0.2728
1,21.50,10.4527,0.0233,0.2728
1,21.60,10.4527,0.0233,0.2728
1,21.70,10.4527,0.0233,0.2728
1,21.80,10.4527,0.0233,0.2728
1,21.90,10.4527,0.0233,0.2728
1,22.00,10.4527,0.0233,0.2728
1,22.10,10.4527,0.0233,0.2728
1,22.20,10.4527,0.0233,0.2728
1,22.30,10.4527,0.0233,0.2728
1,22.40,10.4527,0.0233,0.2728
1,22.50,10.4527,0.0233,0.2728
1,22.60,10.4527,0.0233,0.2728
1,22.70,10.4527,0.0233,0.2728
1,22.80,10.4527,0.0233,0.2728
1,22.90,10.4527,0.0233,0.2728
1,23.00,10.4527,0.0233,0.2728
1,23.10,10.4527,0.0233,0.2728
1,23.20,10.4527,0.0233,0.2728
1,23.30,10.4527,0.0233,0.2728
1,23.40,10.4527,0.0233,0.2728
1,23.50,10.4527,0.0233,0.2728
1,23.60,10.4527,0.0233,0.2728
1,23.70,10.4527,0.0233,0.2728
1,23.80,10.4527,0.0233,0.2728
1,23.90,10.4527,0.0233,0.2728
1,24.00,10.4527,0.0233,0.2728
1,24.10,10.4527,0.0233,0.2728
1,24.20,10.4527,0.0233,0.2728
1,24.30,10.4527,0.0233,0.2728
1,24.40,10.4527,0.0233,0.2728
1,24.50,10.4527,0.0233,0.2728
1,24.60,10.4527,0.0233,0.2728
1,24.70,10.4527,0.0233,0.2728
1,24.80,10.4527,0.0233,0.2728
1,24.90,10.4527,0.0233,0.2728
1,25.00,10.4527,0.0233,0.2728
1,25.10,10.4527,0.0233,0.2728
1,25.20,10.4527,0.0233,0.2728
1,25.30,10.4527,0.0233,0.2728
1,25.40,10.4527,0.0233,0.2728
1,25.50,10.4527,0.0233,0.2728
1,25.60,10.4527,0.0233,0.2728
1,25.70,10.4527,0.0233,0.2728
1,25.80,10.4527,0.0233,0.2728
1,25.90,10.4527,0.0233,0.2728
1,26.00,10.4527,0.0233,0.2728
1,26.10,10.4533,0.0227,0.2722
1,26.20,10.4552,0.0208,0.2703
1,26.30,10.4576,0.0185,0.2680
1,26.40,10.4599,0.0161,0.2656
1,26.50,10.4622,0.0138,0.2633
1,26.60,10.4645,0.0115,0.2610
1,26.70,10.4669,0.0092,0.2587
1,26.80,10.4692,0.0068,0.2563
1,26.90,10.4715,0.0045,0.2540
1,27.00,10.4738,0.0022,0.2517
1,27.10,10.4756,0.0004,0.2499
1,27.20,10.4760,0.0000,0.2495
1,27.30,10.4760,0.0000,0.2495
1,27.40,10.4760,0.0000,0.2495
1,27.50,10.4760,0.0000,0.2495
1,27.60,10.4760,0.0000,0.2495
1,27.70,10.4760,0.0000,0.2495
1,27.80,10.4760,0.0000,0.2495
1,27.90,10.4760,0.0000,0.2495
1,28.00,10.4760,0.0000,0.2495
1,28.10,10.4760,0.0000,0.2495
1,28.20,10.4760,0.0000,0.2495
1,28.30,10.4760,0.0000,0.2495
1,28.40,10.4760,0.0000,0.2495
1,28.50,10.4760,0.0000,0.2495
1,28.60,10.4760,0.0000,0.2495
1,28.70,10.4760,0.0000,0.2495
1,28.80,10.4760,0.0000,0.2495
1,28.90,10.4760,0.0000,0.2495
1,29.00,10.4760,0.0000,0.2495
1,29.10,10.4760,0.0000,0.2495
1,29.20,10.4760,0.0000,0.2495
1,29.30,10.4760,0.0000,0.2495
1,29.40,10.4760,0.0000,0.2495
1,29.50,10.4760,0.0000,0.2495
1,29.60,10.4760,0.0000,0.2495
1,29.70,10.4760,0.0000,0.2495
1,29.80,10.4760,0.0000,0.2495
1,29.90,10.4760,0.0000,0.2495
1,30.00,10.4760,0.0000,0.2495
1,30.10,10.4760,0.0000,0.2495
1,30.20,10.4760,0.0000,0.2495
1,30.30,10.4760,0.0000,0.2495
1,30.40,10.4760,0.0000,0.2495
1,30.50,10.4760,0.0000,0.2495
1,30.60,10.4760,0.0000,0.2495
1,30.70,10.4760,0.0000,0.2495
1,30.80,10.4760,0.0000,0.2495
1,30.90,10.4760,0.0000,0.2495
1,31.00,10.4760,0.0000,0.2495
1,31.10,10.4760,0.0000,0.2495
1,31.20,10.4760,0.0000,0.2495
1,31.30,10.4760,0.0000,0.2495
1,31.40,10.4760,0.0000,0.2495
1,31.50,10.4760,0.0000,0.2495
1,31.60,10.4760,0.0000,0.2495
1,31.70,10.4760,0.0000,0.2495
1,31.80,10.4760,0.0000,0.2495
1,31.90,10.4760,0.0000,0.2495
1,32.00,10.4760,0.0000,0.2495
1,32.10,10.4760,0.0000,0.2495
1,32.20,10.4760,0.0000,0.2495
1,32.30,10.4760,0.0000,0.2495
1,32.40,10.4760,0.0000,0.2495
1,32.50,10.4760,0.0000,0.2495
1,32.60,10.4760,0.0000,0.2495
1,32.70,10.4760,0.0000,0.2495
1,32.80,10.4760,0.0000,0.2495
1,32.90,10.4760,0.0000,0.2495
1,33.00,10.4760,0.0000,0.2495
1,33.10,10.4760,0.0000,0.2495
1,33.20,10.4760,0.0000,0.2495
1,33.30,10.4760,0.0000,0.2495
1,33.40,10.4760,0.0000,0.2495
1,33.50,10.4760,0.0000,0.2495
1,33.60,10.4760,0.0000,0.2495
1,33.70,10.4760,0.0000,0.2495
1,33.80,10.4760,0.0000,0.2495
1,33.90,10.4760,0.0000,0.2495
1,34.00,10.4760,0.0000,0.2495
1,34.10,10.4760,0.0000,0.2495
1,34.20,10.4760,0.0000,0.2495
1,34.30,10.4760,0.0000,0.2495
1,34.40,10.4760,0.0000,0.2495
1,34.50,10.4760,0.0000,0.2495
1,34.60,10.4760,0.0000,0.2495
1,34.70,10.4760,0.0000,0.2495
1,34.80,10.4760,0.0000,0.2495
1,34.90,10.4760,0.0000,0.2495
1,35.00,10.4760,0.0000,0.2495
1,35.10,10.4760,0.0000,0.2495
1,35.20,10.4760,0.0000,0.2495
1,35.30,10.4760,0.0000,0.2495
1,35.40,10.4760,0.0000,0.2495
1,35.50,10.4760,0.0000,0.2495
1,35.60,10.4760,0.0000,0.2495
1,35.70,10.4760,0.0000,0.2495
1,35.80,10.4760,0.0000,0.2495
1,35.90,10.4760,0.0000,0.2495
1,36.00,10.4760,0.0000,0.2495
1,36.10,10.4760,0.0000,0.2495
1,36.20,10.4760,0.0000,0.2495
1,36.30,10.4760,0.0000,0.2495
1,36.40,10.4760,0.0000,0.2495
1,36.50,10.4760,0.0000,0.2495
1,36.60,10.4760,0.0000,0.2495
1,36.70,10.4760,0.0000,0.2495
1,36.80,10.4760,0.0000,0.2495
1,36.90,10.4760,0.0000,0.2495
1,37.00,10.4760,0.0000,0.2495
1,37.10,10.4760,0.0000,0.2495
1,37.20,10.4760,0.0000,0.2495
1,37.30,10.4760,0.0000,0.2495
1,37.40,10.4760,0.0000,0.2495
1,37.50,10.4760,0.0000,0.2495
1,37.60,10.4760,0.0000,0.2495
1,37.70,10.4760,0.0000,0.2495
1,37.80,10.4760,0.0000,0.2495
1,37.90,10.4760,0.0000,0.2495
1,38.00,10.4760,0.0000,0.2495
1,38.10,10.4760,0.0000,0.2495
1,38.20,10.4760,0.0000,0.2495
1,38.30,10.4760,0.0000,0.2495
1,38.40,10.4760,0.0000,0.2495
1,38.50,10.4760,0.0000,0.2495
1,38.60,10.4760,0.0000,0.2495
1,38.70,10.4760,0.0000,0.2495
1,38.80,10.4760,0.0000,0.2495
1,38.90,10.4760,0.0000,0.2495
1,39.00,10.4760,0.0000,0.2495
1,39.10,10.4760,0.0000,0.2495
1,39.20,10.4760,0.0000,0.2495
1,39.30,10.4760,0.0000,0.2495
1,39.40,10.4760,0.0000,0.2495
1,39.50,10.4760,0.0000,0.2495
1,39.60,10.4760,0.0000,0.2495
1,39.70,10.4760,0.0000,0.2495
1,39.80,10.4760,0.0000,0.2495
1,39.90,10.4760,0.0000,0.2495
1,40.00,10.4760,0.0000,0.2495
1,40.10,10.4760,0.0000,0.2495
1,40.20,10.4760,0.0000,0.2495
1,40.30,10.4760,0.0000,0.2495
1,40.40,10.4760,0.0000,0.2495
1,40.50,10.4760,0.0000,0.2495
1,40.60,10.4760,0.0000,0.2495
1,40.70,10.4760,0.0000,0.2495
1,40.80,10.4760,0.0000,0.2495
1,40.90,10.4760,0.0000,0.2495
1,41.00,10.4760,0.0000,0.2495
1,41.10,10.4760,0.0000,0.2495
1,41.20,10.4760,0.0000,0.2495
1,41.30,10.4760,0.0000,0.2495
1,41.40,10.4760,0.0000,0.2495
1,41.50,10.4760,0.0000,0.2495
1,41.60,10.4760,0.0000,0.2495
1,41.70,10.4760,0.0000,0.2495
1,41.80,10.4760,0.0000,0.2495
1,41.90,10.4760,0.0000,0.2495
1,42.00,10.4760,0.0000,0.2495
1,42.10,10.4760,0.0000,0.2495
1,42.20,10.4760,0.0000,0.2495
1,42.30,10.4760,0.0000,0.2495
1,42.40,10.4760,0.0000,0.2495
1,42.50,10.4760,0.0000,0.2495
1,42.60,10.4760,0.0000,0.2495
1,42.70,10.4760,0.0000,0.2495
1,42.80,10.4760,0.0000,0.2495
1,42.90,10.4760,0.0000,0.2495
1,43.00,10.4760,0.0000,0.2495
1,43.10,10.4760,0.0000,0.2495
1,43.20,10.4760,0.0000,0.2495
1,43.30,10.4760,0.0000,0.2495
1,43.40,10.4760,0.0000,0.2495
1,43.50,10.4760,0.0000,0.2495
1,43.60,10.4760,0.0000,0.2495
1,43.70,10.4760,0.0000,0.2495
1,43.80,10.4760,0.0000,0.2495
1,43.90,10.4760,0.0000,0.2495
1,44.00,10.4760,0.0000,0.2495
1,44.10,10.4760,0.0000,0.2495
1,44.20,10.4760,0.0000,0.2495
1,44.30,10.4760,0.0000,0.2495
1,44.40,10.4760,0.0000,0.2495
1,44.50,10.4760,0.0000,0.2495
1,44.60,10.4760,0.0000,0.2495
1,44.70,10.4760,0.0000,0.2495
1,44.80,10.4760,0.0000,0.2495
1,44.90,10.4760,0.0000,0.2495
1,45.00,10.4760,0.0000,0.2495
1,45.10,10.4760,0.0000,0.2495
1,45.20,10.4760,0.0000,0.2495
1,45.30,10.4760,0.0000,0.2495
1,45.40,10.4760,0.0000,0.2495
1,45.50,10.4760,0.0000,0.2495
1,45.60,10.4760,0.0000,0.2495
1,45.70,10.4760,0.0000,0.2495
1,45.80,10.4760,0.0000,0.2495
1,45.90,10.4760,0.0000,0.2495
1,46.00,10.4760,0.0000,0.2495
1,46.10,10.4760,0.0000,0.2495
1,46.20,10.4760,0.0000,0.2495
1,46.30,10.4760,0.0000,0.2495
1,46.40,10.4760,0.0000,0.2495
1,46.50,10.4760,0.0000,0.2495
1,46.60,10.4760,0.0000,0.2495
1,46.70,10.4760,0.0000,0.2495
1,46.80,10.4760,0.0000,0.2495
1,46.90,10.4760,0.0000,0.2495
1,47.00,10.4760,0.0000,0.2495
1,47.10,10.4760,0.0000,0.2495
1,47.20,10.4760,0.0000,0.2495
1,47.30,10.4760,0.0000,0.2495
1,47.40,10.4760,0.0000,0.2495
1,47.50,10.4760,0.0000,0.2495
1,47.60,10.4760,0.0000,0.2495
1,47.70,10.4760,0.0000,0.2495
1,47.80,10.4760,0.0000,0.2495
1,47.90,10.4760,0.0000,0.2495
1,48.00,10.4760,0.0000,0.2495
1,48.10,10.4760,0.0000,0.2495
1,48.20,10.4760,0.0000,0.2495
1,48.30,10.4760,0.0000,0.2495
1,48.40,10.4760,0.0000,0.2495
1,48.50,10.4760,0.0000,0.2495
1,48.60,10.4760,0.0000,0.2495
1,48.70,10.4760,0.0000,0.2495
1,48.80,10.4760,0.0000,0.2495
1,48.90,10.4760,0.0000,0.2495
1,49.00,10.4760,0.0000,0.2495
1,49.10,10.4760,0.0000,0.2495
1,49.20,10.4760,0.0000,0.2495
1,49.30,10.4760,0.0000,0.2495
1,49.40,10.4760,0.0000,0.2495
1,49.50,10.4760,0.0000,0.2495
1,49.60,10.4760,0.0000,0.2495
1,49.70,10.4760,0.0000,0.2495
1,49.80,10.4760,0.0000,0.2495
1,49.90,10.4760,0.0000,0.2495
1,50.00,10.4760,0.0000,0.2495
1,50.10,10.4760,0.0000,0.2495
1,50.20,10.4760,0.0000,0.2495
1,50.30,10.4760,0.0000,0.2495
1,50.40,10.4760,0.0000,0.2495
1,50.50,10.4760,0.0000,0.2495
1,50.60,10.4760,0.0000,0.2495
1,50.70,10.4760,0.0000,0.2495
1,50.80,10.4760,0.0000,0.2495
1,50.90,10.4760,0.0000,0.2495
1,51.00,10.4760,0.0000,0.2495
1,51.10,10.4760,0.0000,0.2495
1,51.20,10.4760,0.0000,0.2495
1,51.30,10.4760,0.0000,0.2495
1,51.40,10.4760,0.0000,0.2495
1,51.50,10.4760,0.0000,0.2495
1,51.60,10.4760,0.0000,0.2495
1,51.70,10.4760,0.0000,0.2495
1,51.80,10.4760,0.0000,0.2495
1,51.90,10.4760,0.0000,0.2495
1,52.00,10.4760,0.0000,0.2495
1,52.10,10.4760,0.0000,0.2495
1,52.20,10.4760,0.0000,0.2495
1,52.30,10.4760,0.0000,0.2495
1,52.40,10.4760,0.0000,0.2495
1,52.50,10.4760,0.0000,0.2495
1,52.60,10.4760,0.0000,0.2495
1,52.70,10.4760,0.0000,0.2495
1,52.80,10.4760,0.0000,0.2495
1,52.90,10.4760,0.0000,0.2495
1,53.00,10.4760,0.0000,0.2495
1,53.10,10.4760,0.0000,0.2495
1,53.20,10.4760,0.0000,0.2495
1,53.30,10.4760,0.0000,0.2495
1,53.40,10.4760,0.0000,0.2495
1,53.50,10.4760,0.0000,0.2495
1,53.60,10.4760,0.0000,0.2495
1,53.70,10.4760,0.0000,0.2495
1,53.80,10.4760,0.0000,0.2495
1,53.90,10.4760,0.0000,0.2495
1,54.00,10.4760,0.0000,0.2495
1,54.10,10.4760,0.0000,0.2495
1,54.20,10.4760,0.0000,0.2495
1,54.30,10.4760,0.0000,0.2495
1,54.40,10.4760,0.0000,0.2495
1,54.50,10.4760,0.0000,0.2495
1,54.60,10.4760,0.0000,0.2495
1,54.70,10.4760,0.0000,0.2495
1,54.80,10.4760,0.0000,0.2495
1,54.90,10.4760,0.0000,0.2495
1,55.00,10.4760,0.0000,0.2495
1,55.10,10.4760,0.0000,0.2495
1,55.20,10.4760,0.0000,0.2495
1,55.30,10.4760,0.0000,0.2495
1,55.40,10.4760,0.0000,0.2495
1,55.50,10.4760,0.0000,0.2495
1,55.60,10.4760,0.0000,0.2495
1,55.70,10.4760,0.0000,0.2495
1,55.80,10.4760,0.0000,0.2495
1,55.90,10.4760,0.0000,0.2495
1,56.00,10.4760,0.0000,0.2495
1,56.10,10.4760,0.0000,0.2495
1,56.20,10.4760,0.0000,0.2495
1,56.30,10.4760,0.0000,0.2495
1,56.40,10.4760,0.0000,0.2495
1,56.50,10.4760,0.0000,0.2495
1,56.60,10.4760,0.0000,0.2495
1,56.70,10.4760,0.0000,0.2495
1,56.80,10.4760,0.0000,0.2495
1,56.90,10.4760,0.0000,0.2495
1,57.00,10.4760,0.0000,0.2495
1,57.10,10.4760,0.0000,0.2495
1,57.20,10.4760,0.0000,0.2495
1,57.30,10.4760,0.0000,0.2495
1,57.40,10.4760,0.0000,0.2495
1,57.50,10.4760,0.0000,0.2495
1,57.60,10.4760,0.0000,0.2495
1,57.70,10.4760,0.0000,0.2495
1,57.80,10.4760,0.0000,0.2495
1,57.90,10.4760,0.0000,0.2495
1,58.00,10.4760,0.0000,0.2495
1,58.10,10.4760,0.0000,0.2495
1,58.20,10.4760,0.0000,0.2495
1,58.30,10.4760,0.0000,0.2495
1,58.40,10.4760,0.0000,0.2495
1,58.50,10.4760,0.0000,0.2495
1,58.60,10.4760,0.0000,0.2495
1,58.70,10.4760,0.0000,0.2495
1,58.80,10.4760,0.0000,0.2495
1,58.90,10.4760,0.0000,0.2495
1,59.00,10.4760,0.0000,0.2495
1,59.10,10.4760,0.0000,0.2495
1,59.20,10.4760,0.0000,0.2495
1,59.30,10.4760,0.0000,0.2495
1,59.40,10.4760,0.0000,0.2495
1,59.50,10.4760,0.0000,0.2495
1,59.60,10.4760,0.0000,0.2495
1,59.70,10.4760,0.0000,0.2495
1,59.80,10.4760,0.0000,0.2495
1,59.90,10.4760,0.0000,0.2495
2,-1.00,0.0019,10.6183,10.6183
2,-0.90,0.0019,10.6183,10.6183
2,-0.80,0.0019,10.6183,10.6183
2,-0.70,0.0019,10.6183,10.6183
2,-0.60,0.0039,10.6163,10.6163
2,-0.50,0.0083,10.6120,10.6120
2,-0.40,0.0136,10.6066,10.6066
2,-0.30,0.0189,10.6013,10.6013
2,-0.20,0.0242,10.5960,10.5960
2,-0.10,0.0295,10.5907,10.5907
2,-0.00,0.0348,10.5854,10.5854
2,0.10,0.0456,10.5746,10.5746
2,0.20,0.0662,10.5539,10.5539
2,0.30,0.0998,10.5202,10.5202
2,0.40,0.1436,10.4763,10.4763
2,0.50,0.1968,10.4231,10.4231
2,0.60,0.2628,10.3569,10.3569
2,0.70,0.3385,10.2811,10.2811
2,0.80,0.4199,10.1995,10.1995
2,0.90,0.5060,10.1132,10.1132
2,1.00,0.5968,10.0223,10.0223
2,1.10,0.6859,9.9329,9.9329
2,1.20,0.7721,9.8466,9.8466
2,1.30,0.8576,9.7610,9.7610
2,1.40,0.9452,9.6732,9.6732
2,1.50,1.0362,9.5819,9.5819
2,1.60,1.1254,9.4926,9.4926
2,1.70,1.2100,9.4078,9.4078
2,1.80,1.2939,9.3238,9.3238
2,1.90,1.3765,9.2410,9.2410
2,2.00,1.4572,9.1601,9.1601
2,2.10,1.5395,9.0777,9.0777
2,2.20,1.6196,8.9974,8.9974
2,2.30,1.6979,8.9189,8.9189
2,2.40,1.7765,8.8402,8.8402
2,2.50,1.8552,8.7613,8.7613
2,2.60,1.9347,8.6817,8.6817
2,2.70,2.0172,8.5990,8.5990
2,2.80,2.0995,8.5166,8.5166
2,2.90,2.1825,8.4334,8.4334
2,3.00,2.2640,8.3517,8.3517
2,3.10,2.3454,8.2702,8.2702
2,3.20,2.4300,8.1854,8.1854
2,3.30,2.5151,8.1001,8.1001
2,3.40,2.5962,8.0188,8.0188
2,3.50,2.6716,7.9432,7.9432
2,3.60,2.7464,7.8683,7.8683
2,3.70,2.8228,7.7918,7.7918
2,3.80,2.8991,7.7153,7.7153
2,3.90,2.9728,7.6414,7.6414
2,4.00,3.0481,7.5660,7.5660
2,4.10,3.1215,7.4925,7.4925
2,4.20,3.1928,7.4210,7.4210
2,4.30,3.2644,7.3493,7.3493
2,4.40,3.3407,7.2729,7.2729
2,4.50,3.4210,7.1924,7.1924
2,4.60,3.4997,7.1135,7.1135
2,4.70,3.5748,7.0383,7.0383
2,4.80,3.6498,6.9631,6.9631
2,4.90,3.7262,6.8866,6.8866
2,5.00,3.8020,6.8107,6.8107
2,5.10,3.8789,6.7335,6.7335
2,5.20,3.9545,6.6578,6.6578
2,5.30,4.0291,6.5831,6.5831
2,5.40,4.1025,6.5095,6.5095
2,5.50,4.1771,6.4348,6.4348
2,5.60,4.2536,6.3581,6.3581
2,5.70,4.3326,6.2789,6.2789
2,5.80,4.4116,6.1998,6.1998
2,5.90,4.4919,6.1193,6.1193
2,6.00,4.5701,6.0410,6.0410
2,6.10,4.6477,5.9632,5.9632
2,6.20,4.7286,5.8822,5.8822
2,6.30,4.8099,5.8007,5.8007
2,6.40,4.8873,5.7231,5.7231
2,6.50,4.9591,5.6512,5.6512
2,6.60,5.0299,5.5803,5.5803
2,6.70,5.1008,5.5092,5.5092
2,6.80,5.1718,5.4380,5.4380
2,6.90,5.2403,5.3694,5.3694
2,7.00,5.3114,5.2981,5.2981
2,7.10,5.3819,5.2275,5.2275
2,7.20,5.4502,5.1591,5.1591
2,7.30,5.5181,5.0910,5.0910
2,7.40,5.5893,5.0197,5.0197
2,7.50,5.6643,4.9445,4.9445
2,7.60,5.7390,4.8698,4.8698
2,7.70,5.8107,4.7979,4.7979
2,7.80,5.8817,4.7268,4.7268
2,7.90,5.9536,4.6547,4.6547
2,8.00,6.0238,4.5844,4.5844
2,8.10,6.0940,4.5141,4.5141
2,8.20,6.1620,4.4459,4.4459
2,8.30,6.2286,4.3791,4.3791
2,8.40,6.2927,4.3149,4.3149
2,8.50,6.3560,4.2515,4.2515
2,8.60,6.4191,4.1883,4.1883
2,8.70,6.4839,4.1233,4.1233
2,8.80,6.5479,4.0592,4.0592
2,8.90,6.6115,3.9955,3.9955
2,9.00,6.6742,3.9326,3.9326
2,9.10,6.7374,3.8693,3.8693
2,9.20,6.8040,3.8027,3.8027
2,9.30,6.8711,3.7354,3.7354
2,9.40,6.9370,3.6694,3.6694
2,9.50,6.9992,3.6071,3.6071
2,9.60,7.0614,3.5447,3.5447
2,9.70,7.1246,3.4814,3.4814
2,9.80,7.1883,3.4175,3.4175
2,9.90,7.2515,3.3542,3.3542
2,10.00,7.3158,3.2898,3.2898
2,10.10,7.3778,3.2277,3.2277
2,10.20,7.4375,3.1678,3.1678
2,10.30,7.4973,3.1079,3.1079
2,10.40,7.5582,3.0469,3.0469
2,10.50,7.6210,2.9840,2.9840
2,10.60,7.6816,2.9233,2.9233
2,10.70,7.7388,2.8659,2.8659
2,10.80,7.7952,2.8095,2.8095
2,10.90,7.8512,2.7533,2.7533
2,11.00,7.9067,2.6977,2.6977
2,11.10,7.9628,2.6415,2.6415
2,11.20,8.0179,2.5863,2.5863
2,11.30,8.0711,2.5330,2.5330
2,11.40,8.1243,2.4796,2.4796
2,11.50,8.1788,2.4251,2.4251
2,11.60,8.2346,2.3692,2.3692
2,11.70,8.2925,2.3112,2.3112
2,11.80,8.3498,2.2537,2.2537
2,11.90,8.4081,2.1953,2.1953
2,12.00,8.4659,2.1374,2.1374
2,12.10,8.5231,2.0800,2.0800
2,12.20,8.5826,2.0205,2.0205
2,12.30,8.6424,1.9606,1.9606
2,12.40,8.6989,1.9039,1.9039
2,12.50,8.7509,1.8518,1.8518
2,12.60,8.8016,1.8010,1.8010
2,12.70,8.8519,1.7506,1.7506
2,12.80,8.9037,1.6987,1.6987
2,12.90,8.9541,1.6482,1.6482
2,13.00,9.0044,1.5978,1.5978
2,13.10,9.0538,1.5483,1.5483
2,13.20,9.1015,1.5005,1.5005
2,13.30,9.1493,1.4527,1.4527
2,13.40,9.1982,1.4037,1.4037
2,13.50,9.2493,1.3524,1.3524
2,13.60,9.2992,1.3024,1.3024
2,13.70,9.3464,1.2551,1.2551
2,13.80,9.3916,1.2098,1.2098
2,13.90,9.4366,1.1647,1.1647
2,14.00,9.4817,1.1196,1.1196
2,14.10,9.5258,1.0754,1.0754
2,14.20,9.5684,1.0327,1.0327
2,14.30,9.6087,0.9923,0.9923
2,14.40,9.6475,0.9534,0.9534
2,14.50,9.6848,0.9160,0.9160
2,14.60,9.7217,0.8791,0.8791
2,14.70,9.7602,0.8405,0.8405
2,14.80,9.7980,0.8026,0.8026
2,14.90,9.8351,0.7654,0.7654
2,15.00,9.8722,0.7282,0.7282
2,15.10,9.9092,0.6912,0.6912
2,15.20,9.9470,0.6533,0.6533
2,15.30,9.9848,0.6154,0.6154
2,15.40,10.0204,0.5797,0.5797
2,15.50,10.0519,0.5482,0.5482
2,15.60,10.0823,0.5178,0.5178
2,15.70,10.1118,0.4882,0.4882
2,15.80,10.1409,0.4590,0.4590
2,15.90,10.1701,0.4298,0.4298
2,16.00,10.1992,0.4006,0.4006
2,16.10,10.2284,0.3714,0.3714
2,16.20,10.2553,0.3443,0.3443
2,16.30,10.2805,0.3191,0.3191
2,16.40,10.3045,0.2951,0.2951
2,16.50,10.3294,0.2701,0.2701
2,16.60,10.3520,0.2474,0.2474
2,16.70,10.3712,0.2282,0.2282
2,16.80,10.3898,0.2096,0.2096
2,16.90,10.4083,0.1911,0.1911
2,17.00,10.4269,0.1725,0.1725
2,17.10,10.4454,0.1539,0.1539
2,17.20,10.4630,0.1363,0.1363
2,17.30,10.4767,0.1225,0.1225
2,17.40,10.4878,0.1114,0.1114
2,17.50,10.4971,0.1021,0.1021
2,17.60,10.5038,0.0954,0.0954
2,17.70,10.5091,0.0901,0.0901
2,17.80,10.5144,0.0848,0.0848
2,17.90,10.5197,0.0794,0.0794
2,18.00,10.5250,0.0741,0.0741
2,18.10,10.5303,0.0688,0.0688
2,18.20,10.5356,0.0635,0.0635
2,18.30,10.5414,0.0577,0.0577
2,18.40,10.5465,0.0526,0.0526
2,18.50,10.5494,0.0497,0.0497
2,18.60,10.5520,0.0471,0.0471
2,18.70,10.5546,0.0444,0.0444
2,18.80,10.5573,0.0418,0.0418
2,18.90,10.5599,0.0391,0.0391
2,19.00,10.5626,0.0365,0.0365
2,19.10,10.5652,0.0338,0.0338
2,19.20,10.5679,0.0312,0.0312
2,19.30,10.5700,0.0290,0.0290
2,19.40,10.5713,0.0277,0.0277
2,19.50,10.5725,0.0266,0.0266
2,19.60,10.5725,0.0265,0.0265
2,19.70,10.5725,0.0265,0.0265
2,19.80,10.5725,0.0265,0.0265
2,19.90,10.5725,0.0265,0.0265
2,20.00,10.5725,0.0265,0.0265
2,20.10,10.5725,0.0265,0.0265
2,20.20,10.5725,0.0265,0.0265
2,20.30,10.5725,0.0265,0.0265
2,20.40,10.5725,0.0265,0.0265
2,20.50,10.5725,0.0265,0.0265
2,20.60,10.5725,0.0265,0.0265
2,20.70,10.5725,0.0265,0.0265
2,20.80,10.5725,0.0265,0.0265
2,20.90,10.5725,0.0265,0.0265
2,21.00,10.5725,0.0265,0.0265
2,21.10,10.5725,0.0265,0.0265
2,21.20,10.5725,0.0265,0.0265
2,21.30,10.5725,0.0265,0.0265
2,21.40,10.5725,0.0265,0.0265
2,21.50,10.5725,0.0265,0.0265
2,21.60,10.5725,0.0265,0.0265
2,21.70,10.5725,0.0265,0.0265
2,21.80,10.5725,0.0265,0.0265
2,21.90,10.5725,0.0265,0.0265
2,22.00,10.5725,0.0265,0.0265
2,22.10,10.5725,0.0265,0.0265
2,22.20,10.5725,0.0265,0.0265
2,22.30,10.5725,0.0265,0.0265
2,22.40,10.5725,0.0265,0.0265
2,22.50,10.5725,0.0265,0.0265
2,22.60,10.5725,0.0265,0.0265
2,22.70,10.5725,0.0265,0.0265
2,22.80,10.5725,0.0265,0.0265
2,22.90,10.5725,0.0265,0.0265
2,23.00,10.5725,0.0265,0.0265
2,23.10,10.5725,0.0265,0.0265
2,23.20,10.5725,0.0265,0.0265
2,23.30,10.5725,0.0265,0.0265
2,23.40,10.5725,0.0265,0.0265
2,23.50,10.5725,0.0265,0.0265
2,23.60,10.5725,0.0265,0.0265
2,23.70,10.5725,0.0265,0.0265
2,23.80,10.5725,0.0265,0.0265
2,23.90,10.5725,0.0265,0.0265
2,24.00,10.5725,0.0265,0.0265
2,24.10,10.5725,0.0265,0.0265
2,24.20,10.5725,0.0265,0.0265
2,24.30,10.5725,0.0265,0.0265
2,24.40,10.5725,0.0265,0.0265
2,24.50,10.5725,0.0265,0.0265
2,24.60,10.5725,0.0265,0.0265
2,24.70,10.5725,0.0265,0.0265
2,24.80,10.5725,0.0265,0.0265
2,24.90,10.5725,0.0265,0.0265
2,25.00,10.5725,0.0265,0.0265
2,25.10,10.5725,0.0265,0.0265
2,25.20,10.5725,0.0265,0.0265
2,25.30,10.5725,0.0265,0.0265
2,25.40,10.5737,0.0254,0.0254
2,25.50,10.5759,0.0231,0.0231
2,25.60,10.5786,0.0205,0.0205
2,25.70,10.5812,0.0178,0.0178
2,25.80,10.5839,0.0151,0.0151
2,25.90,10.5865,0.0125,0.0125
2,26.00,10.5892,0.0098,0.0098
2,26.10,10.5918,0.0072,0.0072
2,26.20,10.5945,0.0045,0.0045
2,26.30,10.5971,0.0019,0.0019
2,26.40,10.5986,0.0004,0.0004
2,26.50,10.5990,-0.0000,-0.0000
2,26.60,10.5990,-0.0000,-0.0000
2,26.70,10.5990,-0.0000,-0.0000
2,26.80,10.5990,-0.0000,-0.0000
2,26.90,10.5990,-0.0000,-0.0000
2,27.00,10.5990,-0.0000,-0.0000
2,27.10,10.5990,-0.0000,-0.0000
2,27.20,10.5990,-0.0000,-0.0000
2,27.30,10.5990,-0.0000,-0.0000
2,27.40,10.5990,-0.0000,-0.0000
2,27.50,10.5990,-0.0000,-0.0000
2,27.60,10.5990,-0.0000,-0.0000
2,27.70,10.5990,-0.0000,-0.0000
2,27.80,10.5990,-0.0000,-0.0000
2,27.90,10.5990,-0.0000,-0.0000
2,28.00,10.5990,-0.0000,-0.0000
2,28.10,10.5990,-0.0000,-0.0000
2,28.20,10.5990,-0.0000,-0.0000
2,28.30,10.5990,-0.0000,-0.0000
2,28.40,10.5990,-0.0000,-0.0000
2,28.50,10.5990,-0.0000,-0.0000
2,28.60,10.5990,-0.0000,-0.0000
2,28.70,10.5990,-0.0000,-0.0000
2,28.80,10.5990,-0.0000,-0.0000
2,28.90,10.5990,-0.0000,-0.0000
2,29.00,10.5990,-0.0000,-0.0000
2,29.10,10.5990,-0.0000,-0.0000
2,29.20,10.5990,-0.0000,-0.0000
2,29.30,10.5990,-0.0000,-0.0000
2,29.40,10.5990,-0.0000,-0.0000
2,29.50,10.5990,-0.0000,-0.0000
2,29.60,10.5990,-0.0000,-0.0000
2,29.70,10.5990,-0.0000,-0.0000
2,29.80,10.5990,-0.0000,-0.0000
2,29.90,10.5990,-0.0000,-0.0000
2,30.00,10.5990,-0.0000,-0.0000
2,30.10,10.5990,-0.0000,-0.0000
2,30.20,10.5990,-0.0000,-0.0000
2,30.30,10.5990,-0.0000,-0.0000
2,30.40,10.5990,-0.0000,-0.0000
2,30.50,10.5990,-0.0000,-0.0000
2,30.60,10.5990,-0.0000,-0.0000
2,30.70,10.5990,-0.0000,-0.0000
2,30.80,10.5990,-0.0000,-0.0000
2,30.90,10.5990,-0.0000,-0.0000
2,31.00,10.5990,-0.0000,-0.0000
2,31.10,10.5990,-0.0000,-0.0000
2,31.20,10.5990,-0.0000,-0.0000
2,31.30,10.5990,-0.0000,-0.0000
2,31.40,10.5990,-0.0000,-0.0000
2,31.50,10.5990,-0.0000,-0.0000
2,31.60,10.5990,-0.0000,-0.0000
2,31.70,10.5990,-0.0000,-0.0000
2,31.80,10.5990,-0.0000,-0.0000
2,31.90,10.5990,-0.0000,-0.0000
2,32.00,10.5990,-0.0000,-0.0000
2,32.10,10.5990,-0.0000,-0.0000
2,32.20,10.5990,-0.0000,-0.0000
2,32.30,10.5990,-0.0000,-0.0000
2,32.40,10.5990,-0.0000,-0.0000
2,32.50,10.5990,-0.0000,-0.0000
2,32.60,10.5990,-0.0000,-0.0000
2,32.70,10.5990,-0.0000,-0.0000
2,32.80,10.5990,-0.0000,-0.0000
2,32.90,10.5990,-0.0000,-0.0000
2,33.00,10.5990,-0.0000,-0.0000
2,33.10,10.5990,-0.0000,-0.0000
2,33.20,10.5990,-0.0000,-0.0000
2,33.30,10.5990,-0.0000,-0.0000
2,33.40,10.5990,-0.0000,-0.0000
2,33.50,10.5990,-0.0000,-0.0000
2,33.60,10.5990,-0.0000,-0.0000
2,33.70,10.5990,-0.0000,-0.0000
2,33.80,10.5990,-0.0000,-0.0000
2,33.90,10.5990,-0.0000,-0.0000
2,34.00,10.5990,-0.0000,-0.0000
2,34.10,10.5990,-0.0000,-0.0000
2,34.20,10.5990,-0.0000,-0.0000
2,34.30,10.5990,-0.0000,-0.0000
2,34.40,10.5990,-0.0000,-0.0000
2,34.50,10.5990,-0.0000,-0.0000
2,34.60,10.5990,-0.0000,-0.0000
2,34.70,10.5990,-0.0000,-0.0000
2,34.80,10.5990,-0.0000,-0.0000
2,34.90,10.5990,-0.0000,-0.0000
2,35.00,10.5990,-0.0000,-0.0000
2,35.10,10.5990,-0.0000,-0.0000
2,35.20,10.5990,-0.0000,-0.0000
2,35.30,10.5990,-0.0000,-0.0000
2,35.40,10.5990,-0.0000,-0.0000
2,35.50,10.5990,-0.0000,-0.0000
2,35.60,10.5990,-0.0000,-0.0000
2,35.70,10.5990,-0.0000,-0.0000
2,35.80,10.5990,-0.0000,-0.0000
2,35.90,10.5990,-0.0000,-0.0000
2,36.00,10.5990,-0.0000,-0.0000
2,36.10,10.5990,-0.0000,-0.0000
2,36.20,10.5990,-0.0000,-0.0000
2,36.30,10.5990,-0.0000,-0.0000
2,36.40,10.5990,-0.0000,-0.0000
2,36.50,10.5990,-0.0000,-0.0000
2,36.60,10.5990,-0.0000,-0.0000
2,36.70,10.5990,-0.0000,-0.0000
2,36.80,10.5990,-0.0000,-0.0000
2,36.90,10.5990,-0.0000,-0.0000
2,37.00,10.5990,-0.0000,-0.0000
2,37.10,10.5990,-0.0000,-0.0000
2,37.20,10.5990,-0.0000,-0.0000
2,37.30,10.5990,-0.0000,-0.0000
2,37.40,10.5990,-0.0000,-0.0000
2,37.50,10.5990,-0.0000,-0.0000
2,37.60,10.5990,-0.0000,-0.0000
2,37.70,10.5990,-0.0000,-0.0000
2,37.80,10.5990,-0.0000,-0.0000
2,37.90,10.5990,-0.0000,-0.0000
2,38.00,10.5990,-0.0000,-0.0000
2,38.10,10.5990,-0.0000,-0.0000
2,38.20,10.5990,-0.0000,-0.0000
2,38.30,10.5990,-0.0000,-0.0000
2,38.40,10.5990,-0.0000,-0.0000
2,38.50,10.5990,-0.0000,-0.0000
2,38.60,10.5990,-0.0000,-0.0000
2,38.70,10.5990,-0.0000,-0.0000
2,38.80,10.5990,-0.0000,-0.0000
2,38.90,10.5990,-0.0000,-0.0000
2,39.00,10.5990,-0.0000,-0.0000
2,39.10,10.5990,-0.0000,-0.0000
2,39.20,10.5990,-0.0000,-0.0000
2,39.30,10.5990,-0.0000,-0.0000
2,39.40,10.5990,-0.0000,-0.0000
2,39.50,10.5990,-0.0000,-0.0000
2,39.60,10.5990,-0.0000,-0.0000
2,39.70,10.5990,-0.0000,-0.0000
2,39.80,10.5990,-0.0000,-0.0000
2,39.90,10.5990,-0.0000,-0.0000
2,40.00,10.5990,-0.0000,-0.0000
2,40.10,10.5990,-0.0000,-0.0000
2,40.20,10.5990,-0.0000,-0.0000
2,40.30,10.5990,-0.0000,-0.0000
2,40.40,10.5990,-0.0000,-0.0000
2,40.50,10.5990,-0.0000,-0.0000
2,40.60,10.5990,-0.0000,-0.0000
2,40.70,10.5990,-0.0000,-0.0000
2,40.80,10.5990,-0.0000,-0.0000
2,40.90,10.5990,-0.0000,-0.0000
2,41.00,10.5990,-0.0000,-0.0000
2,41.10,10.5990,-0.0000,-0.0000
2,41.20,10.5990,-0.0000,-0.0000
2,41.30,10.5990,-0.0000,-0.0000
2,41.40,10.5990,-0.0000,-0.0000
2,41.50,10.5990,-0.0000,-0.0000
2,41.60,10.5990,-0.0000,-0.0000
2,41.70,10.5990,-0.0000,-0.0000
2,41.80,10.5990,-0.0000,-0.0000
2,41.90,10.5990,-0.0000,-0.0000
2,42.00,10.5990,-0.0000,-0.0000
2,42.10,10.5990,-0.0000,-0.0000
2,42.20,10.5990,-0.0000,-0.0000
2,42.30,10.5990,-0.0000,-0.0000
2,42.40,10.5990,-0.0000,-0.0000
2,42.50,10.5990,-0.0000,-0.0000
2,42.60,10.5990,-0.0000,-0.0000
2,42.70,10.5990,-0.0000,-0.0000
2,42.80,10.5990,-0.0000,-0.0000
2,42.90,10.5990,-0.0000,-0.0000
2,43.00,10.5990,-0.0000,-0.0000
2,43.10,10.5990,-0.0000,-0.0000
2,43.20,10.5990,-0.0000,-0.0000
2,43.30,10.5990,-0.0000,-0.0000
2,43.40,10.5990,-0.0000,-0.0000
2,43.50,10.5990,-0.0000,-0.0000
2,43.60,10.5990,-0.0000,-0.0000
2,43.70,10.5990,-0.0000,-0.0000
2,43.80,10.5990,-0.0000,-0.0000
2,43.90,10.5990,-0.0000,-0.0000
2,44.00,10.5990,-0.0000,-0.0000
2,44.10,10.5990,-0.0000,-0.0000
2,44.20,10.5990,-0.0000,-0.0000
2,44.30,10.5990,-0.0000,-0.0000
2,44.40,10.5990,-0.0000,-0.0000
2,44.50,10.5990,-0.0000,-0.0000
2,44.60,10.5990,-0.0000,-0.0000
2,44.70,10.5990,-0.0000,-0.0000
2,44.80,10.5990,-0.0000,-0.0000
2,44.90,10.5990,-0.0000,-0.0000
2,45.00,10.5990,-0.0000,-0.0000
2,45.10,10.5990,-0.0000,-0.0000
2,45.20,10.5990,-0.0000,-0.0000
2,45.30,10.5990,-0.0000,-0.0000
2,45.40,10.5990,-0.0000,-0.0000
2,45.50,10.5990,-0.0000,-0.0000
2,45.60,10.5990,-0.0000,-0.0000
2,45.70,10.5990,-0.0000,-0.0000
2,45.80,10.5990,-0.0000,-0.0000
2,45.90,10.5990,-0.0000,-0.0000
2,46.00,10.5990,-0.0000,-0.0000
2,46.10,10.5990,-0.0000,-0.0000
2,46.20,10.5990,-0.0000,-0.0000
2,46.30,10.5990,-0.0000,-0.0000
2,46.40,10.5990,-0.0000,-0.0000
2,46.50,10.5990,-0.0000,-0.0000
2,46.60,10.5990,-0.0000,-0.0000
2,46.70,10.5990,-0.0000,-0.0000
2,46.80,10.5990,-0.0000,-0.0000
2,46.90,10.5990,-0.0000,-0.0000
2,47.00,10.5990,-0.0000,-0.0000
2,47.10,10.5990,-0.0000,-0.0000
2,47.20,10.5990,-0.0000,-0.0000
2,47.30,10.5990,-0.0000,-0.0000
2,47.40,10.5990,-0.0000,-0.0000
2,47.50,10.5990,-0.0000,-0.0000
2,47.60,10.5990,-0.0000,-0.0000
2,47.70,10.5990,-0.0000,-0.0000
2,47.80,10.5990,-0.0000,-0.0000
2,47.90,10.5990,-0.0000,-0.0000
2,48.00,10.5990,-0.0000,-0.0000
2,48.10,10.5990,-0.0000,-0.0000
2,48.20,10.5990,-0.0000,-0.0000
2,48.30,10.5990,-0.0000,-0.0000
2,48.40,10.5990,-0.0000,-0.0000
2,48.50,10.5990,-0.0000,-0.0000
2,48.60,10.5990,-0.0000,-0.0000
2,48.70,10.5990,-0.0000,-0.0000
2,48.80,10.5990,-0.0000,-0.0000
2,48.90,10.5990,-0.0000,-0.0000
2,49.00,10.5990,-0.0000,-0.0000
2,49.10,10.5990,-0.0000,-0.0000
2,49.20,10.5990,-0.0000,-0.0000
2,49.30,10.5990,-0.0000,-0.0000
2,49.40,10.5990,-0.0000,-0.0000
2,49.50,10.5990,-0.0000,-0.0000
2,49.60,10.5990,-0.0000,-0.0000
2,49.70,10.5990,-0.0000,-0.0000
2,49.80,10.5990,-0.0000,-0.0000
2,49.90,10.5990,-0.0000,-0.0000
2,50.00,10.5990,-0.0000,-0.0000
2,50.10,10.5990,-0.0000,-0.0000
2,50.20,10.5990,-0.0000,-0.0000
2,50.30,10.5990,-0.0000,-0.0000
2,50.40,10.5990,-0.0000,-0.0000
2,50.50,10.5990,-0.0000,-0.0000
2,50.60,10.5990,-0.0000,-0.0000
2,50.70,10.5990,-0.0000,-0.0000
2,50.80,10.5990,-0.0000,-0.0000
2,50.90,10.5990,-0.0000,-0.0000
2,51.00,10.5990,-0.0000,-0.0000
2,51.10,10.5990,-0.0000,-0.0000
2,51.20,10.5990,-0.0000,-0.0000
2,51.30,10.5990,-0.0000,-0.0000
2,51.40,10.5990,-0.0000,-0.0000
2,51.50,10.5990,-0.0000,-0.0000
2,51.60,10.5990,-0.0000,-0.0000
2,51.70,10.5990,-0.0000,-0.0000
2,51.80,10.5990,-0.0000,-0.0000
2,51.90,10.5990,-0.0000,-0.0000
2,52.00,10.5990,-0.0000,-0.0000
2,52.10,10.5990,-0.0000,-0.0000
2,52.20,10.5990,-0.0000,-0.0000
2,52.30,10.5990,-0.0000,-0.0000
2,52.40,10.5990,-0.0000,-0.0000
2,52.50,10.5990,-0.0000,-0.0000
2,52.60,10.5990,-0.0000,-0.0000
2,52.70,10.5990,-0.0000,-0.0000
2,52.80,10.5990,-0.0000,-0.0000
2,52.90,10.5990,-0.0000,-0.0000
2,53.00,10.5990,-0.0000,-0.0000
2,53.10,10.5990,-0.0000,-0.0000
2,53.20,10.5990,-0.0000,-0.0000
2,53.30,10.5990,-0.0000,-0.0000
2,53.40,10.5990,-0.0000,-0.0000
2,53.50,10.5990,-0.0000,-0.0000
2,53.60,10.5990,-0.0000,-0.0000
2,53.70,10.5990,-0.0000,-0.0000
2,53.80,10.5990,-0.0000,-0.0000
2,53.90,10.5990,-0.0000,-0.0000
2,54.00,10.5990,-0.0000,-0.0000
2,54.10,10.5990,-0.0000,-0.0000
2,54.20,10.5990,-0.0000,-0.0000
2,54.30,10.5990,-0.0000,-0.0000
2,54.40,10.5990,-0.0000,-0.0000
2,54.50,10.5990,-0.0000,-0.0000
2,54.60,10.5990,-0.0000,-0.0000
2,54.70,10.5990,-0.0000,-0.0000
2,54.80,10.5990,-0.0000,-0.0000
2,54.90,10.5990,-0.0000,-0.0000
2,55.00,10.5990,-0.0000,-0.0000
2,55.10,10.5990,-0.0000,-0.0000
2,55.20,10.5990,-0.0000,-0.0000
2,55.30,10.5990,-0.0000,-0.0000
2,55.40,10.5990,-0.0000,-0.0000
2,55.50,10.5990,-0.0000,-0.0000
2,55.60,10.5990,-0.0000,-0.0000
2,55.70,10.5990,-0.0000,-0.0000
2,55.80,10.5990,-0.0000,-0.0000
2,55.90,10.5990,-0.0000,-0.0000
2,56.00,10.5990,-0.0000,-0.0000
2,56.10,10.5990,-0.0000,-0.0000
2,56.20,10.5990,-0.0000,-0.0000
2,56.30,10.5990,-0.0000,-0.0000
2,56.40,10.5990,-0.0000,-0.0000
2,56.50,10.5990,-0.0000,-0.0000
2,56.60,10.5990,-0.0000,-0.0000
2,56.70,10.5990,-0.0000,-0.0000
2,56.80,10.5990,-0.0000,-0.0000
2,56.90,10.5990,-0.0000,-0.0000
2,57.00,10.5990,-0.0000,-0.0000
2,57.10,10.5990,-0.0000,-0.0000
2,57.20,10.5990,-0.0000,-0.0000
2,57.30,10.5990,-0.0000,-0.0000
2,57.40,10.5990,-0.0000,-0.0000
2,57.50,10.5990,-0.0000,-0.0000
2,57.60,10.5990,-0.0000,-0.0000
2,57.70,10.5990,-0.0000,-0.0000
2,57.80,10.5990,-0.0000,-0.0000
2,57.90,10.5990,-0.0000,-0.0000
2,58.00,10.5990,-0.0000,-0.0000
2,58.10,10.5990,-0.0000,-0.0000
2,58.20,10.5990,-0.0000,-0.0000
2,58.30,10.5990,-0.0000,-0.0000
2,58.40,10.5990,-0.0000,-0.0000
2,58.50,10.5990,-0.0000,-0.0000
2,58.60,10.5990,-0.0000,-0.0000
2,58.70,10.5990,-0.0000,-0.0000
2,58.80,10.5990,-0.0000,-0.0000
2,58.90,10.5990,-0.0000,-0.0000
2,59.00,10.5990,-0.0000,-0.0000
2,59.10,10.5990,-0.0000,-0.0000
2,59.20,10.5990,-0.0000,-0.0000
2,59.30,10.5990,-0.0000,-0.0000
2,59.40,10.5990,-0.0000,-0.0000
2,59.50,10.5990,-0.0000,-0.0000
2,59.60,10.5990,-0.0000,-0.0000
2,59.70,10.5990,-0.0000,-0.0000
2,59.80,10.5990,-0.0000,-0.0000
2,59.90,10.5990,-0.0000,-0.0000
3,-1.00,0.0000,10.8557,10.8758
3,-0.90,0.0000,10.8557,10.8758
3,-0.80,0.0000,10.8557,10.8758
3,-0.70,0.0000,10.8557,10.8758
3,-0.60,0.0000,10.8557,10.8758
3,-0.50,0.0026,10.8531,10.8731
3,-0.40,0.0190,10.8366,10.8567
3,-0.30,0.0413,10.8143,10.8344
3,-0.20,0.0659,10.7896,10.8097
3,-0.10,0.0926,10.7629,10.7830
3,-0.00,0.1193,10.7362,10.7563
3,0.10,0.1459,10.7095,10.7296
3,0.20,0.1742,10.6811,10.7012
3,0.30,0.2051,10.6502,10.6702
3,0.40,0.2416,10.6136,10.6337
3,0.50,0.2846,10.5705,10.5906
3,0.60,0.3370,10.5180,10.5381
3,0.70,0.4013,10.4536,10.4737
3,0.80,0.4712,10.3835,10.4036
3,0.90,0.5443,10.3104,10.3304
3,1.00,0.6210,10.2335,10.2535
3,1.10,0.6994,10.1549,10.1750
3,1.20,0.7786,10.0755,10.0956
3,1.30,0.8590,9.9950,10.0150
3,1.40,0.9397,9.9142,9.9342
3,1.50,1.0246,9.8291,9.8491
3,1.60,1.1149,9.7385,9.7586
3,1.70,1.2041,9.6492,9.6693
3,1.80,1.2921,9.5610,9.5811
3,1.90,1.3792,9.4738,9.4938
3,2.00,1.4674,9.3854,9.4054
3,2.10,1.5552,9.2974,9.3174
3,2.20,1.6422,9.2102,9.2302
3,2.30,1.7304,9.1219,9.1419
3,2.40,1.8182,9.0338,9.0539
3,2.50,1.9061,8.9458,8.9659
3,2.60,1.9910,8.8607,8.8807
3,2.70,2.0714,8.7802,8.8002
3,2.80,2.1503,8.7011,8.7211
3,2.90,2.2307,8.6206,8.6406
3,3.00,2.3102,8.5409,8.5609
3,3.10,2.3888,8.4621,8.4822
3,3.20,2.4680,8.3828,8.4028
3,3.30,2.5475,8.3031,8.3232
3,3.40,2.6281,8.2224,8.2424
3,3.50,2.7069,8.1434,8.1634
3,3.60,2.7890,8.0611,8.0811
3,3.70,2.8739,7.9760,7.9961
3,3.80,2.9608,7.8889,7.9090
3,3.90,3.0466,7.8030,7.8230
3,4.00,3.1332,7.7163,7.7363
3,4.10,3.2208,7.6285,7.6485
3,4.20,3.3077,7.5414,7.5614
3,4.30,3.3920,7.4569,7.4770
3,4.40,3.4759,7.3728,7.3928
3,4.50,3.5586,7.2900,7.3100
3,4.60,3.6350,7.2135,7.2335
3,4.70,3.7134,7.1349,7.1549
3,4.80,3.7889,7.0592,7.0793
3,4.90,3.8665,6.9815,7.0015
3,5.00,3.9423,6.9055,6.9256
3,5.10,4.0175,6.8301,6.8502
3,5.20,4.0924,6.7551,6.7752
3,5.30,4.1681,6.6793,6.6993
3,5.40,4.2430,6.6042,6.6243
3,5.50,4.3183,6.5287,6.5487
3,5.60,4.3962,6.4507,6.4707
3,5.70,4.4715,6.3752,6.3953
3,5.80,4.5471,6.2995,6.3195
3,5.90,4.6200,6.2264,6.2465
3,6.00,4.6930,6.1533,6.1734
3,6.10,4.7651,6.0810,6.1011
3,6.20,4.8368,6.0092,6.0292
3,6.30,4.9093,5.9366,5.9566
3,6.40,4.9818,5.8639,5.8840
3,6.50,5.0558,5.7898,5.8099
3,6.60,5.1278,5.7177,5.7377
3,6.70,5.1964,5.6489,5.6689
3,6.80,5.2657,5.5795,5.5995
3,6.90,5.3354,5.5096,5.5296
3,7.00,5.4043,5.4406,5.4606
3,7.10,5.4735,5.3712,5.3913
3,7.20,5.5437,5.3009,5.3210
3,7.30,5.6130,5.2314,5.2515
3,7.40,5.6824,5.1619,5.1820
3,7.50,5.7502,5.0940,5.1141
3,7.60,5.8185,5.0256,5.0456
3,7.70,5.8882,4.9557,4.9757
3,7.80,5.9576,4.8862,4.9062
3,7.90,6.0265,4.8171,4.8371
3,8.00,6.0951,4.7484,4.7684
3,8.10,6.1639,4.6794,4.6995
3,8.20,6.2326,4.6106,4.6307
3,8.30,6.3019,4.5411,4.5612
3,8.40,6.3713,4.4716,4.4917
3,8.50,6.4395,4.4033,4.4233
3,8.60,6.5059,4.3367,4.3568
3,8.70,6.5760,4.2665,4.2866
3,8.80,6.6469,4.1954,4.2155
3,8.90,6.7187,4.1236,4.1436
3,9.00,6.7904,4.0517,4.0717
3,9.10,6.8625,3.9794,3.9995
3,9.20,6.9342,3.9076,3.9277
3,9.30,7.0036,3.8380,3.8581
3,9.40,7.0730,3.7685,3.7886
3,9.50,7.1426,3.6988,3.7189
3,9.60,7.2123,3.6290,3.6490
3,9.70,7.2781,3.5630,3.5831
3,9.80,7.3428,3.4982,3.5183
3,9.90,7.4067,3.4342,3.4543
3,10.00,7.4702,3.3705,3.3905
3,10.10,7.5330,3.3077,3.3277
3,10.20,7.5953,3.2452,3.2653
3,10.30,7.6587,3.1816,3.2017
3,10.40,7.7218,3.1184,3.1385
3,10.50,7.7864,3.0537,3.0738
3,10.60,7.8495,2.9904,3.0105
3,10.70,7.9099,2.9299,2.9500
3,10.80,7.9699,2.8699,2.8899
3,10.90,8.0291,2.8106,2.8306
3,11.00,8.0885,2.7510,2.7710
3,11.10,8.1481,2.6913,2.7113
3,11.20,8.2073,2.6320,2.6520
3,11.30,8.2661,2.5731,2.5931
3,11.40,8.3245,2.5145,2.5346
3,11.50,8.3794,2.4595,2.4796
3,11.60,8.4344,2.4044,2.4245
3,11.70,8.4899,2.3488,2.3689
3,11.80,8.5446,2.2940,2.3140
3,11.90,8.5991,2.2394,2.2594
3,12.00,8.6525,2.1859,2.2059
3,12.10,8.7058,2.1325,2.1525
3,12.20,8.7587,2.0794,2.0995
3,12.30,8.8112,2.0268,2.0469
3,12.40,8.8633,1.9747,1.9947
3,12.50,8.9146,1.9232,1.9433
3,12.60,8.9623,1.8755,1.8955
3,12.70,9.0113,1.8263,1.8463
3,12.80,9.0623,1.7753,1.7953
3,12.90,9.1132,1.7242,1.7443
3,13.00,9.1634,1.6739,1.6940
3,13.10,9.2136,1.6237,1.6437
3,13.20,9.2637,1.5735,1.5935
3,13.30,9.3131,1.5239,1.5440
3,13.40,9.3622,1.4748,1.4948
3,13.50,9.4128,1.4241,1.4441
3,13.60,9.4638,1.3729,1.3929
3,13.70,9.5135,1.3231,1.3431
3,13.80,9.5614,1.2752,1.2952
3,13.90,9.6084,1.2281,1.2481
3,14.00,9.6554,1.1809,1.2010
3,14.10,9.7025,1.1338,1.1538
3,14.20,9.7495,1.0867,1.1067
3,14.30,9.7961,1.0399,1.0600
3,14.40,9.8422,0.9938,1.0138
3,14.50,9.8866,0.9493,0.9693
3,14.60,9.9307,0.9051,0.9251
3,14.70,9.9707,0.8650,0.8851
3,14.80,10.0098,0.8259,0.8459
3,14.90,10.0474,0.7882,0.8082
3,15.00,10.0850,0.7505,0.7705
3,15.10,10.1227,0.7128,0.7328
3,15.20,10.1603,0.6751,0.6951
3,15.30,10.1975,0.6377,0.6578
3,15.40,10.2344,0.6008,0.6209
3,15.50,10.2684,0.5667,0.5868
3,15.60,10.3000,0.5350,0.5551
3,15.70,10.3319,0.5031,0.5231
3,15.80,10.3629,0.4720,0.4921
3,15.90,10.3943,0.4406,0.4607
3,16.00,10.4256,0.4092,0.4292
3,16.10,10.4570,0.3778,0.3978
3,16.20,10.4883,0.3464,0.3664
3,16.30,10.5190,0.3157,0.3357
3,16.40,10.5474,0.2872,0.3072
3,16.50,10.5743,0.2602,0.2802
3,16.60,10.5935,0.2410,0.2610
3,16.70,10.6117,0.2227,0.2427
3,16.80,10.6285,0.2059,0.2260
3,16.90,10.6442,0.1902,0.2103
3,17.00,10.6598,0.1745,0.1946
3,17.10,10.6755,0.1588,0.1788
3,17.20,10.6912,0.1431,0.1631
3,17.30,10.7069,0.1274,0.1474
3,17.40,10.7220,0.1123,0.1323
3,17.50,10.7353,0.0989,0.1190
3,17.60,10.7452,0.0890,0.1090
3,17.70,10.7518,0.0824,0.1024
3,17.80,10.7580,0.0761,0.0962
3,17.90,10.7643,0.0698,0.0899
3,18.00,10.7706,0.0635,0.0835
3,18.10,10.7771,0.0570,0.0771
3,18.20,10.7836,0.0505,0.0706
3,18.30,10.7901,0.0440,0.0640
3,18.40,10.7968,0.0373,0.0573
3,18.50,10.8025,0.0315,0.0516
3,18.60,10.8047,0.0294,0.0494
3,18.70,10.8053,0.0288,0.0488
3,18.80,10.8060,0.0281,0.0481
3,18.90,10.8067,0.0274,0.0474
3,19.00,10.8074,0.0266,0.0467
3,19.10,10.8082,0.0259,0.0459
3,19.20,10.8089,0.0251,0.0452
3,19.30,10.8096,0.0244,0.0444
3,19.40,10.8104,0.0237,0.0437
3,19.50,10.8111,0.0229,0.0430
3,19.60,10.8119,0.0222,0.0422
3,19.70,10.8126,0.0215,0.0415
3,19.80,10.8133,0.0207,0.0408
3,19.90,10.8141,0.0200,0.0400
3,20.00,10.8148,0.0192,0.0393
3,20.10,10.8155,0.0185,0.0385
3,20.20,10.8163,0.0178,0.0378
3,20.30,10.8170,0.0170,0.0371
3,20.40,10.8177,0.0163,0.0363
3,20.50,10.8185,0.0155,0.0356
3,20.60,10.8192,0.0148,0.0349
3,20.70,10.8200,0.0141,0.0341
3,20.80,10.8207,0.0133,0.0334
3,20.90,10.8214,0.0126,0.0326
3,21.00,10.8222,0.0119,0.0319
3,21.10,10.8229,0.0111,0.0312
3,21.20,10.8236,0.0104,0.0304
3,21.30,10.8244,0.0096,0.0297
3,21.40,10.8251,0.0089,0.0289
3,21.50,10.8258,0.0082,0.0282
3,21.60,10.8266,0.0074,0.0275
3,21.70,10.8273,0.0067,0.0267
3,21.80,10.8281,0.0060,0.0260
3,21.90,10.8288,0.0052,0.0253
3,22.00,10.8295,0.0045,0.0245
3,22.10,10.8303,0.0037,0.0238
3,22.20,10.8310,0.0030,0.0231
3,22.30,10.8316,0.0024,0.0224
3,22.40,10.8322,0.0018,0.0219
3,22.50,10.8326,0.0014,0.0214
3,22.60,10.8331,0.0009,0.0210
3,22.70,10.8334,0.0006,0.0206
3,22.80,10.8337,0.0003,0.0204
3,22.90,10.8338,0.0002,0.0202
3,23.00,10.8340,0.0000,0.0201
3,23.10,10.8340,0.0000,0.0200
3,23.20,10.8340,0.0000,0.0200
3,23.30,10.8340,0.0000,0.0200
3,23.40,10.8340,0.0000,0.0200
3,23.50,10.8340,0.0000,0.0200
3,23.60,10.8340,0.0000,0.0200
3,23.70,10.8340,0.0000,0.0200
3,23.80,10.8340,0.0000,0.0200
3,23.90,10.8340,0.0000,0.0200
3,24.00,10.8340,0.0000,0.0200
3,24.10,10.8340,0.0000,0.0200
3,24.20,10.8340,0.0000,0.0200
3,24.30,10.8340,0.0000,0.0200
3,24.40,10.8340,0.0000,0.0200
3,24.50,10.8340,0.0000,0.0200
3,24.60,10.8340,0.0000,0.0200
3,24.70,10.8340,0.0000,0.0200
3,24.80,10.8340,0.0000,0.0200
3,24.90,10.8340,0.0000,0.0200
3,25.00,10.8340,0.0000,0.0200
3,25.10,10.8340,0.0000,0.0200
3,25.20,10.8340,0.0000,0.0200
3,25.30,10.8340,0.0000,0.0200
3,25.40,10.8340,0.0000,0.0200
3,25.50,10.8340,0.0000,0.0200
3,25.60,10.8340,0.0000,0.0200
3,25.70,10.8340,0.0000,0.0200
3,25.80,10.8340,0.0000,0.0200
3,25.90,10.8340,0.0000,0.0200
3,26.00,10.8340,0.0000,0.0200
3,26.10,10.8340,0.0000,0.0200
3,26.20,10.8340,0.0000,0.0200
3,26.30,10.8340,0.0000,0.0200
3,26.40,10.8340,0.0000,0.0200
3,26.50,10.8340,0.0000,0.0200
3,26.60,10.8340,0.0000,0.0200
3,26.70,10.8340,0.0000,0.0200
3,26.80,10.8340,0.0000,0.0200
3,26.90,10.8340,0.0000,0.0200
3,27.00,10.8340,0.0000,0.0200
3,27.10,10.8340,0.0000,0.0200
3,27.20,10.8340,0.0000,0.0200
3,27.30,10.8340,0.0000,0.0200
3,27.40,10.8340,0.0000,0.0200
3,27.50,10.8340,0.0000,0.0200
3,27.60,10.8340,0.0000,0.0200
3,27.70,10.8340,0.0000,0.0200
3,27.80,10.8340,0.0000,0.0200
3,27.90,10.8340,0.0000,0.0200
3,28.00,10.8340,0.0000,0.0200
3,28.10,10.8340,0.0000,0.0200
3,28.20,10.8340,0.0000,0.0200
3,28.30,10.8340,0.0000,0.0200
3,28.40,10.8340,0.0000,0.0200
3,28.50,10.8340,0.0000,0.0200
3,28.60,10.8340,0.0000,0.0200
3,28.70,10.8340,0.0000,0.0200
3,28.80,10.8340,0.0000,0.0200
3,28.90,10.8340,0.0000,0.0200
3,29.00,10.8340,0.0000,0.0200
3,29.10,10.8340,0.0000,0.0200
3,29.20,10.8340,0.0000,0.0200
3,29.30,10.8340,0.0000,0.0200
3,29.40,10.8340,0.0000,0.0200
3,29.50,10.8340,0.0000,0.0200
3,29.60,10.8340,0.0000,0.0200
3,29.70,10.8340,0.0000,0.0200
3,29.80,10.8340,0.0000,0.0200
3,29.90,10.8340,0.0000,0.0200
3,30.00,10.8340,0.0000,0.0200
3,30.10,10.8340,0.0000,0.0200
3,30.20,10.8340,0.0000,0.0200
3,30.30,10.8340,0.0000,0.0200
3,30.40,10.8340,0.0000,0.0200
3,30.50,10.8340,0.0000,0.0200
3,30.60,10.8340,0.0000,0.0200
3,30.70,10.8340,0.0000,0.0200
3,30.80,10.8340,0.0000,0.0200
3,30.90,10.8340,0.0000,0.0200
3,31.00,10.8340,0.0000,0.0200
3,31.10,10.8340,0.0000,0.0200
3,31.20,10.8340,0.0000,0.0200
3,31.30,10.8340,0.0000,0.0200
3,31.40,10.8340,0.0000,0.0200
3,31.50,10.8340,0.0000,0.0200
3,31.60,10.8340,0.0000,0.0200
3,31.70,10.8340,0.0000,0.0200
3,31.80,10.8340,0.0000,0.0200
3,31.90,10.8340,0.0000,0.0200
3,32.00,10.8340,0.0000,0.0200
3,32.10,10.8340,0.0000,0.0200
3,32.20,10.8340,0.0000,0.0200
3,32.30,10.8340,0.0000,0.0200
3,32.40,10.8340,0.0000,0.0200
3,32.50,10.8340,0.0000,0.0200
3,32.60,10.8340,0.0000,0.0200
3,32.70,10.8340,0.0000,0.0200
3,32.80,10.8340,0.0000,0.0200
3,32.90,10.8340,0.0000,0.0200
3,33.00,10.8340,0.0000,0.0200
3,33.10,10.8340,0.0000,0.0200
3,33.20,10.8340,0.0000,0.0200
3,33.30,10.8340,0.0000,0.0200
3,33.40,10.8340,0.0000,0.0200
3,33.50,10.8340,0.0000,0.0200
3,33.60,10.8340,0.0000,0.0200
3,33.70,10.8340,0.0000,0.0200
3,33.80,10.8340,0.0000,0.0200
3,33.90,10.8340,0.0000,0.0200
3,34.00,10.8340,0.0000,0.0200
3,34.10,10.8340,0.0000,0.0200
3,34.20,10.8340,0.0000,0.0200
3,34.30,10.8340,0.0000,0.0200
3,34.40,10.8340,0.0000,0.0200
3,34.50,10.8340,0.0000,0.0200
3,34.60,10.8340,0.0000,0.0200
3,34.70,10.8340,0.0000,0.0200
3,34.80,10.8340,0.0000,0.0200
3,34.90,10.8340,0.0000,0.0200
3,35.00,10.8340,0.0000,0.0200
3,35.10,10.8340,0.0000,0.0200
3,35.20,10.8340,0.0000,0.0200
3,35.30,10.8340,0.0000,0.0200
3,35.40,10.8340,0.0000,0.0200
3,35.50,10.8340,0.0000,0.0200
3,35.60,10.8340,0.0000,0.0200
3,35.70,10.8340,0.0000,0.0200
3,35.80,10.8340,0.0000,0.0200
3,35.90,10.8340,0.0000,0.0200
3,36.00,10.8340,0.0000,0.0200
3,36.10,10.8340,0.0000,0.0200
3,36.20,10.8340,0.0000,0.0200
3,36.30,10.8340,0.0000,0.0200
3,36.40,10.8340,0.0000,0.0200
3,36.50,10.8340,0.0000,0.0200
3,36.60,10.8340,0.0000,0.0200
3,36.70,10.8340,0.0000,0.0200
3,36.80,10.8340,0.0000,0.0200
3,36.90,10.8340,0.0000,0.0200
3,37.00,10.8340,0.0000,0.0200
3,37.10,10.8340,0.0000,0.0200
3,37.20,10.8340,0.0000,0.0200
3,37.30,10.8340,0.0000,0.0200
3,37.40,10.8340,0.0000,0.0200
3,37.50,10.8340,0.0000,0.0200
3,37.60,10.8340,0.0000,0.0200
3,37.70,10.8340,0.0000,0.0200
3,37.80,10.8340,0.0000,0.0200
3,37.90,10.8340,0.0000,0.0200
3,38.00,10.8340,0.0000,0.0200
3,38.10,10.8340,0.0000,0.0200
3,38.20,10.8340,0.0000,0.0200
3,38.30,10.8340,0.0000,0.0200
3,38.40,10.8340,0.0000,0.0200
3,38.50,10.8340,0.0000,0.0200
3,38.60,10.8340,0.0000,0.0200
3,38.70,10.8340,0.0000,0.0200
3,38.80,10.8340,0.0000,0.0200
3,38.90,10.8340,0.0000,0.0200
3,39.00,10.8340,0.0000,0.0200
3,39.10,10.8340,0.0000,0.0200
3,39.20,10.8340,0.0000,0.0200
3,39.30,10.8340,0.0000,0.0200
3,39.40,10.8340,0.0000,0.0200
3,39.50,10.8340,0.0000,0.0200
3,39.60,10.8340,0.0000,0.0200
3,39.70,10.8340,0.0000,0.0200
3,39.80,10.8340,0.0000,0.0200
3,39.90,10.8340,0.0000,0.0200
3,40.00,10.8340,0.0000,0.0200
3,40.10,10.8340,0.0000,0.0200
3,40.20,10.8340,0.0000,0.0200
3,40.30,10.8340,0.0000,0.0200
3,40.40,10.8340,0.0000,0.0200
3,40.50,10.8340,0.0000,0.0200
3,40.60,10.8340,0.0000,0.0200
3,40.70,10.8340,0.0000,0.0200
3,40.80,10.8340,0.0000,0.0200
3,40.90,10.8340,0.0000,0.0200
3,41.00,10.8340,0.0000,0.0200
3,41.10,10.8340,0.0000,0.0200
3,41.20,10.8340,0.0000,0.0200
3,41.30,10.8340,0.0000,0.0200
3,41.40,10.8340,0.0000,0.0200
3,41.50,10.8340,0.0000,0.0200
3,41.60,10.8340,0.0000,0.0200
3,41.70,10.8340,0.0000,0.0200
3,41.80,10.8340,0.0000,0.0200
3,41.90,10.8340,0.0000,0.0200
3,42.00,10.8340,0.0000,0.0200
3,42.10,10.8340,0.0000,0.0200
3,42.20,10.8340,0.0000,0.0200
3,42.30,10.8340,0.0000,0.0200
3,42.40,10.8340,0.0000,0.0200
3,42.50,10.8340,0.0000,0.0200
3,42.60,10.8340,0.0000,0.0200
3,42.70,10.8340,0.0000,0.0200
3,42.80,10.8340,0.0000,0.0200
3,42.90,10.8340,0.0000,0.0200
3,43.00,10.8340,0.0000,0.0200
3,43.10,10.8340,0.0000,0.0200
3,43.20,10.8340,0.0000,0.0200
3,43.30,10.8340,0.0000,0.0200
3,43.40,10.8340,0.0000,0.0200
3,43.50,10.8340,0.0000,0.0200
3,43.60,10.8340,0.0000,0.0200
3,43.70,10.8340,0.0000,0.0200
3,43.80,10.8340,0.0000,0.0200
3,43.90,10.8340,0.0000,0.0200
3,44.00,10.8340,0.0000,0.0200
3,44.10,10.8340,0.0000,0.0200
3,44.20,10.8340,0.0000,0.0200
3,44.30,10.8340,0.0000,0.0200
3,44.40,10.8340,0.0000,0.0200
3,44.50,10.8340,0.0000,0.0200
3,44.60,10.8340,0.0000,0.0200
3,44.70,10.8340,0.0000,0.0200
3,44.80,10.8340,0.0000,0.0200
3,44.90,10.8340,0.0000,0.0200
3,45.00,10.8340,0.0000,0.0200
3,45.10,10.8340,0.0000,0.0200
3,45.20,10.8340,0.0000,0.0200
3,45.30,10.8340,0.0000,0.0200
3,45.40,10.8340,0.0000,0.0200
3,45.50,10.8340,0.0000,0.0200
3,45.60,10.8340,0.0000,0.0200
3,45.70,10.8340,0.0000,0.0200
3,45.80,10.8340,0.0000,0.0200
3,45.90,10.8340,0.0000,0.0200
3,46.00,10.8340,0.0000,0.0200
3,46.10,10.8340,0.0000,0.0200
3,46.20,10.8340,0.0000,0.0200
3,46.30,10.8340,0.0000,0.0200
3,46.40,10.8340,0.0000,0.0200
3,46.50,10.8340,0.0000,0.0200
3,46.60,10.8340,0.0000,0.0200
3,46.70,10.8340,0.0000,0.0200
3,46.80,10.8340,0.0000,0.0200
3,46.90,10.8340,0.0000,0.0200
3,47.00,10.8340,0.0000,0.0200
3,47.10,10.8340,0.0000,0.0200
3,47.20,10.8340,0.0000,0.0200
3,47.30,10.8340,0.0000,0.0200
3,47.40,10.8340,0.0000,0.0200
3,47.50,10.8340,0.0000,0.0200
3,47.60,10.8340,0.0000,0.0200
3,47.70,10.8340,0.0000,0.0200
3,47.80,10.8340,0.0000,0.0200
3,47.90,10.8340,0.0000,0.0200
3,48.00,10.8340,0.0000,0.0200
3,48.10,10.8340,0.0000,0.0200
3,48.20,10.8340,0.0000,0.0200
3,48.30,10.8340,0.0000,0.0200
3,48.40,10.8340,0.0000,0.0200
3,48.50,10.8340,0.0000,0.0200
3,48.60,10.8340,0.0000,0.0200
3,48.70,10.8340,0.0000,0.0200
3,48.80,10.8340,0.0000,0.0200
3,48.90,10.8340,0.0000,0.0200
3,49.00,10.8340,0.0000,0.0200
3,49.10,10.8340,0.0000,0.0200
3,49.20,10.8340,0.0000,0.0200
3,49.30,10.8340,0.0000,0.0200
3,49.40,10.8340,0.0000,0.0200
3,49.50,10.8340,0.0000,0.0200
3,49.60,10.8340,0.0000,0.0200
3,49.70,10.8340,0.0000,0.0200
3,49.80,10.8340,0.0000,0.0200
3,49.90,10.8340,0.0000,0.0200
3,50.00,10.8340,0.0000,0.0200
3,50.10,10.8340,0.0000,0.0200
3,50.20,10.8340,0.0000,0.0200
3,50.30,10.8340,0.0000,0.0200
3,50.40,10.8340,0.0000,0.0200
3,50.50,10.8340,0.0000,0.0200
3,50.60,10.8340,0.0000,0.0200
3,50.70,10.8340,0.0000,0.0200
3,50.80,10.8340,0.0000,0.0200
3,50.90,10.8340,0.0000,0.0200
3,51.00,10.8340,0.0000,0.0200
3,51.10,10.8340,0.0000,0.0200
3,51.20,10.8340,0.0000,0.0200
3,51.30,10.8340,0.0000,0.0200
3,51.40,10.8340,0.0000,0.0200
3,51.50,10.8340,0.0000,0.0200
3,51.60,10.8340,0.0000,0.0200
3,51.70,10.8340,0.0000,0.0200
3,51.80,10.8340,0.0000,0.0200
3,51.90,10.8340,0.0000,0.0200
3,52.00,10.8340,0.0000,0.0200
3,52.10,10.8340,0.0000,0.0200
3,52.20,10.8340,0.0000,0.0200
3,52.30,10.8340,0.0000,0.0200
3,52.40,10.8340,0.0000,0.0200
3,52.50,10.8340,0.0000,0.0200
3,52.60,10.8340,0.0000,0.0200
3,52.70,10.8340,0.0000,0.0200
3,52.80,10.8340,0.0000,0.0200
3,52.90,10.8340,0.0000,0.0200
3,53.00,10.8340,0.0000,0.0200
3,53.10,10.8340,0.0000,0.0200
3,53.20,10.8340,0.0000,0.0200
3,53.30,10.8340,0.0000,0.0200
3,53.40,10.8340,0.0000,0.0200
3,53.50,10.8340,0.0000,0.0200
3,53.60,10.8340,0.0000,0.0200
3,53.70,10.8340,0.0000,0.0200
3,53.80,10.8340,0.0000,0.0200
3,53.90,10.8340,0.0000,0.0200
3,54.00,10.8340,0.0000,0.0200
3,54.10,10.8340,0.0000,0.0200
3,54.20,10.8340,0.0000,0.0200
3,54.30,10.8340,0.0000,0.0200
3,54.40,10.8340,0.0000,0.0200
3,54.50,10.8340,0.0000,0.0200
3,54.60,10.8340,0.0000,0.0200
3,54.70,10.8340,0.0000,0.0200
3,54.80,10.8340,0.0000,0.0200
3,54.90,10.8340,0.0000,0.0200
3,55.00,10.8340,0.0000,0.0200
3,55.10,10.8340,0.0000,0.0200
3,55.20,10.8340,0.0000,0.0200
3,55.30,10.8340,0.0000,0.0200
3,55.40,10.8340,0.0000,0.0200
3,55.50,10.8340,0.0000,0.0200
3,55.60,10.8340,0.0000,0.0200
3,55.70,10.8340,0.0000,0.0200
3,55.80,10.8340,0.0000,0.0200
3,55.90,10.8340,0.0000,0.0200
3,56.00,10.8340,0.0000,0.0200
3,56.10,10.8340,0.0000,0.0200
3,56.20,10.8340,0.0000,0.0200
3,56.30,10.8340,0.0000,0.0200
3,56.40,10.8340,0.0000,0.0200
3,56.50,10.8340,0.0000,0.0200
3,56.60,10.8340,0.0000,0.0200
3,56.70,10.8340,0.0000,0.0200
3,56.80,10.8340,0.0000,0.0200
3,56.90,10.8340,0.0000,0.0200
3,57.00,10.8340,0.0000,0.0200
3,57.10,10.8340,0.0000,0.0200
3,57.20,10.8340,0.0000,0.0200
3,57.30,10.8340,0.0000,0.0200
3,57.40,10.8340,0.0000,0.0200
3,57.50,10.8340,0.0000,0.0200
3,57.60,10.8340,0.0000,0.0200
3,57.70,10.8340,0.0000,0.0200
3,57.80,10.8340,0.0000,0.0200
3,57.90,10.8340,0.0000,0.0200
3,58.00,10.8340,0.0000,0.0200
3,58.10,10.8340,0.0000,0.0200
3,58.20,10.8340,0.0000,0.0200
3,58.30,10.8340,0.0000,0.0200
3,58.40,10.8340,0.0000,0.0200
3,58.50,10.8340,0.0000,0.0200
3,58.60,10.8340,0.0000,0.0200
3,58.70,10.8340,0.0000,0.0200
3,58.80,10.8340,0.0000,0.0200
3,58.90,10.8340,0.0000,0.0200
3,59.00,10.8340,0.0000,0.0200
3,59.10,10.8340,0.0000,0.0200
3,59.20,10.8340,0.0000,0.0200
3,59.30,10.8340,0.0000,0.0200
3,59.40,10.8340,0.0000,0.0200
3,59.50,10.8340,0.0000,0.0200
3,59.60,10.8340,0.0000,0.0200
3,59.70,10.8340,0.0000,0.0200
3,59.80,10.8340,0.0000,0.0200
3,59.90,10.8340,0.0000,0.0200
4,-1.00,0.0000,10.4780,10.4860
4,-0.90,0.0000,10.4780,10.4860
4,-0.80,0.0000,10.4780,10.4860
4,-0.70,0.0000,10.4780,10.4860
4,-0.60,0.0000,10.4780,10.4860
4,-0.50,0.0000,10.4780,10.4860
4,-0.40,0.0000,10.4780,10.4860
4,-0.30,0.0000,10.4780,10.4860
4,-0.20,0.0009,10.4771,10.4851
4,-0.10,0.0051,10.4728,10.4808
4,-0.00,0.0143,10.4636,10.4716
4,0.10,0.0328,10.4451,10.4531
4,0.20,0.0706,10.4072,10.4152
4,0.30,0.1269,10.3508,10.3588
4,0.40,0.1917,10.2859,10.2939
4,0.50,0.2601,10.2174,10.2254
4,0.60,0.3336,10.1436,10.1517
4,0.70,0.4080,10.0691,10.0771
4,0.80,0.4842,9.9927,10.0008
4,0.90,0.5600,9.9168,9.9248
4,1.00,0.6367,9.8399,9.8480
4,1.10,0.7134,9.7632,9.7712
4,1.20,0.7936,9.6828,9.6908
4,1.30,0.8734,9.6028,9.6108
4,1.40,0.9500,9.5261,9.5341
4,1.50,1.0281,9.4478,9.4558
4,1.60,1.1054,9.3703,9.3783
4,1.70,1.1839,9.2917,9.2997
4,1.80,1.2623,9.2131,9.2212
4,1.90,1.3420,9.1332,9.1413
4,2.00,1.4213,9.0538,9.0619
4,2.10,1.4982,8.9768,8.9848
4,2.20,1.5712,8.9036,8.9116
4,2.30,1.6488,8.8259,8.8339
4,2.40,1.7281,8.7464,8.7544
4,2.50,1.8077,8.6666,8.6746
4,2.60,1.8860,8.5882,8.5962
4,2.70,1.9647,8.5093,8.5173
4,2.80,2.0436,8.4303,8.4383
4,2.90,2.1234,8.3503,8.3583
4,3.00,2.2028,8.2707,8.2788
4,3.10,2.2850,8.1884,8.1964
4,3.20,2.3688,8.1044,8.1124
4,3.30,2.4501,8.0230,8.0310
4,3.40,2.5335,7.9394,7.9474
4,3.50,2.6161,7.8566,7.8646
4,3.60,2.7002,7.7724,7.7804
4,3.70,2.7836,7.6888,7.6968
4,3.80,2.8671,7.6051,7.6131
4,3.90,2.9483,7.5238,7.5318
4,4.00,3.0303,7.4416,7.4496
4,4.10,3.1113,7.3604,7.3684
4,4.20,3.1930,7.2786,7.2866
4,4.30,3.2723,7.1991,7.2071
4,4.40,3.3476,7.1237,7.1317
4,4.50,3.4227,7.0484,7.0564
4,4.60,3.4964,6.9745,6.9825
4,4.70,3.5696,6.9012,6.9092
4,4.80,3.6426,6.8281,6.8361
4,4.90,3.7160,6.7545,6.7625
4,5.00,3.7884,6.6820,6.6900
4,5.10,3.8572,6.6130,6.6210
4,5.20,3.9243,6.5458,6.5538
4,5.30,3.9939,6.4760,6.4840
4,5.40,4.0638,6.4060,6.4140
4,5.50,4.1346,6.3351,6.3431
4,5.60,4.2051,6.2644,6.2724
4,5.70,4.2755,6.1939,6.2019
4,5.80,4.3448,6.1244,6.1324
4,5.90,4.4161,6.0530,6.0610
4,6.00,4.4868,5.9822,5.9902
4,6.10,4.5611,5.9077,5.9157
4,6.20,4.6357,5.8329,5.8410
4,6.30,4.7089,5.7596,5.7676
4,6.40,4.7847,5.6837,5.6917
4,6.50,4.8592,5.6090,5.6170
4,6.60,4.9353,5.5327,5.5408
4,6.70,5.0111,5.4568,5.4649
4,6.80,5.0866,5.3812,5.3892
4,6.90,5.1610,5.3066,5.3147
4,7.00,5.2356,5.2319,5.2399
4,7.10,5.3094,5.1579,5.1660
4,7.20,5.3835,5.0836,5.0916
4,7.30,5.4561,5.0110,5.0190
4,7.40,5.5250,4.9419,4.9499
4,7.50,5.5939,4.8728,4.8808
4,7.60,5.6616,4.8050,4.8130
4,7.70,5.7293,4.7372,4.7452
4,7.80,5.7973,4.6691,4.6771
4,7.90,5.8640,4.6022,4.6102
4,8.00,5.9311,4.5350,4.5430
4,8.10,5.9952,4.4707,4.4787
4,8.20,6.0565,4.4093,4.4174
4,8.30,6.1204,4.3453,4.3533
4,8.40,6.1853,4.2802,4.2882
4,8.50,6.2502,4.2153,4.2233
4,8.60,6.3146,4.1507,4.1587
4,8.70,6.3796,4.0856,4.0936
4,8.80,6.4439,4.0211,4.0291
4,8.90,6.5098,3.9552,3.9632
4,9.00,6.5750,3.8898,3.8978
4,9.10,6.6434,3.8212,3.8293
4,9.20,6.7124,3.7521,3.7601
4,9.30,6.7788,3.6856,3.6936
4,9.40,6.8478,3.6165,3.6245
4,9.50,6.9158,3.5483,3.5563
4,9.60,6.9841,3.4799,3.4879
4,9.70,7.0517,3.4121,3.4201
4,9.80,7.1208,3.3429,3.3509
4,9.90,7.1884,3.2751,3.2831
4,10.00,7.2561,3.2073,3.2153
4,10.10,7.3216,3.1417,3.1497
4,10.20,7.3882,3.0749,3.0830
4,10.30,7.4526,3.0104,3.0184
4,10.40,7.5135,2.9494,2.9575
4,10.50,7.5742,2.8885,2.8966
4,10.60,7.6336,2.8291,2.8371
4,10.70,7.6931,2.7694,2.7775
4,10.80,7.7517,2.7107,2.7187
4,10.90,7.8103,2.6520,2.6600
4,11.00,7.8685,2.5937,2.6017
4,11.10,7.9249,2.5372,2.5452
4,11.20,7.9780,2.4840,2.4920
4,11.30,8.0338,2.4281,2.4361
4,11.40,8.0906,2.3712,2.3792
4,11.50,8.1483,2.3134,2.3214
4,11.60,8.2058,2.2557,2.2637
4,11.70,8.2626,2.1988,2.2068
4,11.80,8.3185,2.1427,2.1508
4,11.90,8.3740,2.0872,2.0952
4,12.00,8.4281,2.0330,2.0410
4,12.10,8.4841,1.9769,1.9849
4,12.20,8.5377,1.9232,1.9312
4,12.30,8.5868,1.8739,1.8819
4,12.40,8.6369,1.8238,1.8318
4,12.50,8.6851,1.7754,1.7834
4,12.60,8.7335,1.7269,1.7350
4,12.70,8.7822,1.6781,1.6862
4,12.80,8.8315,1.6288,1.6368
4,12.90,8.8797,1.5804,1.5885
4,13.00,8.9284,1.5317,1.5397
4,13.10,8.9761,1.4839,1.4919
4,13.20,9.0260,1.4339,1.4419
4,13.30,9.0752,1.3846,1.3926
4,13.40,9.1221,1.3376,1.3456
4,13.50,9.1690,1.2906,1.2986
4,13.60,9.2153,1.2442,1.2522
4,13.70,9.2613,1.1981,1.2062
4,13.80,9.3068,1.1525,1.1605
4,13.90,9.3523,1.1069,1.1149
4,14.00,9.3974,1.0618,1.0698
4,14.10,9.4409,1.0181,1.0261
4,14.20,9.4808,0.9782,0.9862
4,14.30,9.5218,0.9370,0.9450
4,14.40,9.5629,0.8959,0.9039
4,14.50,9.6043,0.8544,0.8624
4,14.60,9.6449,0.8137,0.8218
4,14.70,9.6855,0.7731,0.7811
4,14.80,9.7253,0.7332,0.7412
4,14.90,9.7640,0.6943,0.7024
4,15.00,9.8024,0.6560,0.6640
4,15.10,9.8414,0.6169,0.6249
4,15.20,9.8775,0.5807,0.5887
4,15.30,9.9093,0.5488,0.5568
4,15.40,9.9414,0.5167,0.5247
4,15.50,9.9711,0.4868,0.4949
4,15.60,10.0009,0.4570,0.4650
4,15.70,10.0307,0.4272,0.4352
4,15.80,10.0604,0.3974,0.4054
4,15.90,10.0898,0.3680,0.3760
4,16.00,10.1186,0.3391,0.3471
4,16.10,10.1463,0.3114,0.3194
4,16.20,10.1721,0.2855,0.2935
4,16.30,10.1946,0.2630,0.2710
4,16.40,10.2140,0.2435,0.2515
4,16.50,10.2329,0.2245,0.2325
4,16.60,10.2519,0.2055,0.2135
4,16.70,10.2708,0.1866,0.1946
4,16.80,10.2898,0.1676,0.1756
4,16.90,10.3087,0.1486,0.1566
4,17.00,10.3262,0.1310,0.1391
4,17.10,10.3415,0.1157,0.1237
4,17.20,10.3523,0.1049,0.1129
4,17.30,10.3610,0.0962,0.1042
4,17.40,10.3691,0.0881,0.0961
4,17.50,10.3772,0.0799,0.0879
4,17.60,10.3854,0.0718,0.0798
4,17.70,10.3935,0.0637,0.0717
4,17.80,10.4016,0.0555,0.0635
4,17.90,10.4097,0.0474,0.0554
4,18.00,10.4178,0.0393,0.0473
4,18.10,10.4249,0.0321,0.0402
4,18.20,10.4295,0.0276,0.0356
4,18.30,10.4299,0.0271,0.0351
4,18.40,10.4299,0.0271,0.0351
4,18.50,10.4299,0.0271,0.0351
4,18.60,10.4299,0.0271,0.0351
4,18.70,10.4299,0.0271,0.0351
4,18.80,10.4299,0.0271,0.0351
4,18.90,10.4299,0.0271,0.0351
4,19.00,10.4299,0.0271,0.0351
4,19.10,10.4301,0.0269,0.0349
4,19.20,10.4328,0.0242,0.0322
4,19.30,10.4356,0.0215,0.0295
4,19.40,10.4383,0.0188,0.0268
4,19.50,10.4410,0.0161,0.0241
4,19.60,10.4437,0.0134,0.0214
4,19.70,10.4464,0.0106,0.0187
4,19.80,10.4491,0.0079,0.0159
4,19.90,10.4518,0.0052,0.0132
4,20.00,10.4545,0.0025,0.0105
4,20.10,10.4570,0.0000,0.0080
4,20.20,10.4570,0.0000,0.0080
4,20.30,10.4570,0.0000,0.0080
4,20.40,10.4570,0.0000,0.0080
4,20.50,10.4570,0.0000,0.0080
4,20.60,10.4570,0.0000,0.0080
4,20.70,10.4570,0.0000,0.0080
4,20.80,10.4570,0.0000,0.0080
4,20.90,10.4570,0.0000,0.0080
4,21.00,10.4570,0.0000,0.0080
4,21.10,10.4570,0.0000,0.0080
4,21.20,10.4570,0.0000,0.0080
4,21.30,10.4570,0.0000,0.0080
4,21.40,10.4570,0.0000,0.0080
4,21.50,10.4570,0.0000,0.0080
4,21.60,10.4570,0.0000,0.0080
4,21.70,10.4570,0.0000,0.0080
4,21.80,10.4570,0.0000,0.0080
4,21.90,10.4570,0.0000,0.0080
4,22.00,10.4570,0.0000,0.0080
4,22.10,10.4570,0.0000,0.0080
4,22.20,10.4570,0.0000,0.0080
4,22.30,10.4570,0.0000,0.0080
4,22.40,10.4570,0.0000,0.0080
4,22.50,10.4570,0.0000,0.0080
4,22.60,10.4570,0.0000,0.0080
4,22.70,10.4570,0.0000,0.0080
4,22.80,10.4570,0.0000,0.0080
4,22.90,10.4570,0.0000,0.0080
4,23.00,10.4570,0.0000,0.0080
4,23.10,10.4570,0.0000,0.0080
4,23.20,10.4570,0.0000,0.0080
4,23.30,10.4570,0.0000,0.0080
4,23.40,10.4570,0.0000,0.0080
4,23.50,10.4570,0.0000,0.0080
4,23.60,10.4570,0.0000,0.0080
4,23.70,10.4570,0.0000,0.0080
4,23.80,10.4570,0.0000,0.0080
4,23.90,10.4570,0.0000,0.0080
4,24.00,10.4570,0.0000,0.0080
4,24.10,10.4570,0.0000,0.0080
4,24.20,10.4570,0.0000,0.0080
4,24.30,10.4570,0.0000,0.0080
4,24.40,10.4570,0.0000,0.0080
4,24.50,10.4570,0.0000,0.0080
4,24.60,10.4570,0.0000,0.0080
4,24.70,10.4570,0.0000,0.0080
4,24.80,10.4570,0.0000,0.0080
4,24.90,10.4570,0.0000,0.0080
4,25.00,10.4570,0.0000,0.0080
4,25.10,10.4570,0.0000,0.0080
4,25.20,10.4570,0.0000,0.0080
4,25.30,10.4570,0.0000,0.0080
4,25.40,10.4570,0.0000,0.0080
4,25.50,10.4570,0.0000,0.0080
4,25.60,10.4570,0.0000,0.0080
4,25.70,10.4570,0.0000,0.0080
4,25.80,10.4570,0.0000,0.0080
4,25.90,10.4570,0.0000,0.0080
4,26.00,10.4570,0.0000,0.0080
4,26.10,10.4570,0.0000,0.0080
4,26.20,10.4570,0.0000,0.0080
4,26.30,10.4570,0.0000,0.0080
4,26.40,10.4570,0.0000,0.0080
4,26.50,10.4570,0.0000,0.0080
4,26.60,10.4570,0.0000,0.0080
4,26.70,10.4570,0.0000,0.0080
4,26.80,10.4570,0.0000,0.0080
4,26.90,10.4570,0.0000,0.0080
4,27.00,10.4570,0.0000,0.0080
4,27.10,10.4570,0.0000,0.0080
4,27.20,10.4570,0.0000,0.0080
4,27.30,10.4570,0.0000,0.0080
4,27.40,10.4570,0.0000,0.0080
4,27.50,10.4570,0.0000,0.0080
4,27.60,10.4570,0.0000,0.0080
4,27.70,10.4570,0.0000,0.0080
4,27.80,10.4570,0.0000,0.0080
4,27.90,10.4570,0.0000,0.0080
4,28.00,10.4570,0.0000,0.0080
4,28.10,10.4570,0.0000,0.0080
4,28.20,10.4570,0.0000,0.0080
4,28.30,10.4570,0.0000,0.0080
4,28.40,10.4570,0.0000,0.0080
4,28.50,10.4570,0.0000,0.0080
4,28.60,10.4570,0.0000,0.0080
4,28.70,10.4570,0.0000,0.0080
4,28.80,10.4570,0.0000,0.0080
4,28.90,10.4570,0.0000,0.0080
4,29.00,10.4570,0.0000,0.0080
4,29.10,10.4570,0.0000,0.0080
4,29.20,10.4570,0.0000,0.0080
4,29.30,10.4570,0.0000,0.0080
4,29.40,10.4570,0.0000,0.0080
4,29.50,10.4570,0.0000,0.0080
4,29.60,10.4570,0.0000,0.0080
4,29.70,10.4570,0.0000,0.0080
4,29.80,10.4570,0.0000,0.0080
4,29.90,10.4570,0.0000,0.0080
4,30.00,10.4570,0.0000,0.0080
4,30.10,10.4570,0.0000,0.0080
4,30.20,10.4570,0.0000,0.0080
4,30.30,10.4570,0.0000,0.0080
4,30.40,10.4570,0.0000,0.0080
4,30.50,10.4570,0.0000,0.0080
4,30.60,10.4570,0.0000,0.0080
4,30.70,10.4570,0.0000,0.0080
4,30.80,10.4570,0.0000,0.0080
4,30.90,10.4570,0.0000,0.0080
4,31.00,10.4570,0.0000,0.0080
4,31.10,10.4570,0.0000,0.0080
4,31.20,10.4570,0.0000,0.0080
4,31.30,10.4570,0.0000,0.0080
4,31.40,10.4570,0.0000,0.0080
4,31.50,10.4570,0.0000,0.0080
4,31.60,10.4570,0.0000,0.0080
4,31.70,10.4570,0.0000,0.0080
4,31.80,10.4570,0.0000,0.0080
4,31.90,10.4570,0.0000,0.0080
4,32.00,10.4570,0.0000,0.0080
4,32.10,10.4570,0.0000,0.0080
4,32.20,10.4570,0.0000,0.0080
4,32.30,10.4570,0.0000,0.0080
4,32.40,10.4570,0.0000,0.0080
4,32.50,10.4570,0.0000,0.0080
4,32.60,10.4570,0.0000,0.0080
4,32.70,10.4570,0.0000,0.0080
4,32.80,10.4570,0.0000,0.0080
4,32.90,10.4570,0.0000,0.0080
4,33.00,10.4570,0.0000,0.0080
4,33.10,10.4570,0.0000,0.0080
4,33.20,10.4570,0.0000,0.0080
4,33.30,10.4570,0.0000,0.0080
4,33.40,10.4570,0.0000,0.0080
4,33.50,10.4570,0.0000,0.0080
4,33.60,10.4570,0.0000,0.0080
4,33.70,10.4570,0.0000,0.0080
4,33.80,10.4570,0.0000,0.0080
4,33.90,10.4570,0.0000,0.0080
4,34.00,10.4570,0.0000,0.0080
4,34.10,10.4570,0.0000,0.0080
4,34.20,10.4570,0.0000,0.0080
4,34.30,10.4570,0.0000,0.0080
4,34.40,10.4570,0.0000,0.0080
4,34.50,10.4570,0.0000,0.0080
4,34.60,10.4570,0.0000,0.0080
4,34.70,10.4570,0.0000,0.0080
4,34.80,10.4570,0.0000,0.0080
4,34.90,10.4570,0.0000,0.0080
4,35.00,10.4570,0.0000,0.0080
4,35.10,10.4570,0.0000,0.0080
4,35.20,10.4570,0.0000,0.0080
4,35.30,10.4570,0.0000,0.0080
4,35.40,10.4570,0.0000,0.0080
4,35.50,10.4570,0.0000,0.0080
4,35.60,10.4570,0.0000,0.0080
4,35.70,10.4570,0.0000,0.0080
4,35.80,10.4570,0.0000,0.0080
4,35.90,10.4570,0.0000,0.0080
4,36.00,10.4570,0.0000,0.0080
4,36.10,10.4570,0.0000,0.0080
4,36.20,10.4570,0.0000,0.0080
4,36.30,10.4570,0.0000,0.0080
4,36.40,10.4570,0.0000,0.0080
4,36.50,10.4570,0.0000,0.0080
4,36.60,10.4570,0.0000,0.0080
4,36.70,10.4570,0.0000,0.0080
4,36.80,10.4570,0.0000,0.0080
4,36.90,10.4570,0.0000,0.0080
4,37.00,10.4570,0.0000,0.0080
4,37.10,10.4570,0.0000,0.0080
4,37.20,10.4570,0.0000,0.0080
4,37.30,10.4570,0.0000,0.0080
4,37.40,10.4570,0.0000,0.0080
4,37.50,10.4570,0.0000,0.0080
4,37.60,10.4570,0.0000,0.0080
4,37.70,10.4570,0.0000,0.0080
4,37.80,10.4570,0.0000,0.0080
4,37.90,10.4570,0.0000,0.0080
4,38.00,10.4570,0.0000,0.0080
4,38.10,10.4570,0.0000,0.0080
4,38.20,10.4570,0.0000,0.0080
4,38.30,10.4570,0.0000,0.0080
4,38.40,10.4570,0.0000,0.0080
4,38.50,10.4570,0.0000,0.0080
4,38.60,10.4570,0.0000,0.0080
4,38.70,10.4570,0.0000,0.0080
4,38.80,10.4570,0.0000,0.0080
4,38.90,10.4570,0.0000,0.0080
4,39.00,10.4570,0.0000,0.0080
4,39.10,10.4570,0.0000,0.0080
4,39.20,10.4570,0.0000,0.0080
4,39.30,10.4570,0.0000,0.0080
4,39.40,10.4570,0.0000,0.0080
4,39.50,10.4570,0.0000,0.0080
4,39.60,10.4570,0.0000,0.0080
4,39.70,10.4570,0.0000,0.0080
4,39.80,10.4570,0.0000,0.0080
4,39.90,10.4570,0.0000,0.0080
4,40.00,10.4570,0.0000,0.0080
4,40.10,10.4570,0.0000,0.0080
4,40.20,10.4570,0.0000,0.0080
4,40.30,10.4570,0.0000,0.0080
4,40.40,10.4570,0.0000,0.0080
4,40.50,10.4570,0.0000,0.0080
4,40.60,10.4570,0.0000,0.0080
4,40.70,10.4570,0.0000,0.0080
4,40.80,10.4570,0.0000,0.0080
4,40.90,10.4570,0.0000,0.0080
4,41.00,10.4570,0.0000,0.0080
4,41.10,10.4570,0.0000,0.0080
4,41.20,10.4570,0.0000,0.0080
4,41.30,10.4570,0.0000,0.0080
4,41.40,10.4570,0.0000,0.0080
4,41.50,10.4570,0.0000,0.0080
4,41.60,10.4570,0.0000,0.0080
4,41.70,10.4570,0.0000,0.0080
4,41.80,10.4570,0.0000,0.0080
4,41.90,10.4570,0.0000,0.0080
4,42.00,10.4570,0.0000,0.0080
4,42.10,10.4570,0.0000,0.0080
4,42.20,10.4570,0.0000,0.0080
4,42.30,10.4570,0.0000,0.0080
4,42.40,10.4570,0.0000,0.0080
4,42.50,10.4570,0.0000,0.0080
4,42.60,10.4570,0.0000,0.0080
4,42.70,10.4570,0.0000,0.0080
4,42.80,10.4570,0.0000,0.0080
4,42.90,10.4570,0.0000,0.0080
4,43.00,10.4570,0.0000,0.0080
4,43.10,10.4570,0.0000,0.0080
4,43.20,10.4570,0.0000,0.0080
4,43.30,10.4570,0.0000,0.0080
4,43.40,10.4570,0.0000,0.0080
4,43.50,10.4570,0.0000,0.0080
4,43.60,10.4570,0.0000,0.0080
4,43.70,10.4570,0.0000,0.0080
4,43.80,10.4570,0.0000,0.0080
4,43.90,10.4570,0.0000,0.0080
4,44.00,10.4570,0.0000,0.0080
4,44.10,10.4570,0.0000,0.0080
4,44.20,10.4570,0.0000,0.0080
4,44.30,10.4570,0.0000,0.0080
4,44.40,10.4570,0.0000,0.0080
4,44.50,10.4570,0.0000,0.0080
4,44.60,10.4570,0.0000,0.0080
4,44.70,10.4570,0.0000,0.0080
4,44.80,10.4570,0.0000,0.0080
4,44.90,10.4570,0.0000,0.0080
4,45.00,10.4570,0.0000,0.0080
4,45.10,10.4570,0.0000,0.0080
4,45.20,10.4570,0.0000,0.0080
4,45.30,10.4570,0.0000,0.0080
4,45.40,10.4570,0.0000,0.0080
4,45.50,10.4570,0.0000,0.0080
4,45.60,10.4570,0.0000,0.0080
4,45.70,10.4570,0.0000,0.0080
4,45.80,10.4570,0.0000,0.0080
4,45.90,10.4570,0.0000,0.0080
4,46.00,10.4570,0.0000,0.0080
4,46.10,10.4570,0.0000,0.0080
4,46.20,10.4570,0.0000,0.0080
4,46.30,10.4570,0.0000,0.0080
4,46.40,10.4570,0.0000,0.0080
4,46.50,10.4570,0.0000,0.0080
4,46.60,10.4570,0.0000,0.0080
4,46.70,10.4570,0.0000,0.0080
4,46.80,10.4570,0.0000,0.0080
4,46.90,10.4570,0.0000,0.0080
4,47.00,10.4570,0.0000,0.0080
4,47.10,10.4570,0.0000,0.0080
4,47.20,10.4570,0.0000,0.0080
4,47.30,10.4570,0.0000,0.0080
4,47.40,10.4570,0.0000,0.0080
4,47.50,10.4570,0.0000,0.0080
4,47.60,10.4570,0.0000,0.0080
4,47.70,10.4570,0.0000,0.0080
4,47.80,10.4570,0.0000,0.0080
4,47.90,10.4570,0.0000,0.0080
4,48.00,10.4570,0.0000,0.0080
4,48.10,10.4570,0.0000,0.0080
4,48.20,10.4570,0.0000,0.0080
4,48.30,10.4570,0.0000,0.0080
4,48.40,10.4570,0.0000,0.0080
4,48.50,10.4570,0.0000,0.0080
4,48.60,10.4570,0.0000,0.0080
4,48.70,10.4570,0.0000,0.0080
4,48.80,10.4570,0.0000,0.0080
4,48.90,10.4570,0.0000,0.0080
4,49.00,10.4570,0.0000,0.0080
4,49.10,10.4570,0.0000,0.0080
4,49.20,10.4570,0.0000,0.0080
4,49.30,10.4570,0.0000,0.0080
4,49.40,10.4570,0.0000,0.0080
4,49.50,10.4570,0.0000,0.0080
4,49.60,10.4570,0.0000,0.0080
4,49.70,10.4570,0.0000,0.0080
4,49.80,10.4570,0.0000,0.0080
4,49.90,10.4570,0.0000,0.0080
4,50.00,10.4570,0.0000,0.0080
4,50.10,10.4570,0.0000,0.0080
4,50.20,10.4570,0.0000,0.0080
4,50.30,10.4570,0.0000,0.0080
4,50.40,10.4570,0.0000,0.0080
4,50.50,10.4570,0.0000,0.0080
4,50.60,10.4570,0.0000,0.0080
4,50.70,10.4570,0.0000,0.0080
4,50.80,10.4570,0.0000,0.0080
4,50.90,10.4570,0.0000,0.0080
4,51.00,10.4570,0.0000,0.0080
4,51.10,10.4570,0.0000,0.0080
4,51.20,10.4570,0.0000,0.0080
4,51.30,10.4570,0.0000,0.0080
4,51.40,10.4570,0.0000,0.0080
4,51.50,10.4570,0.0000,0.0080
4,51.60,10.4570,0.0000,0.0080
4,51.70,10.4570,0.0000,0.0080
4,51.80,10.4570,0.0000,0.0080
4,51.90,10.4570,0.0000,0.0080
4,52.00,10.4570,0.0000,0.0080
4,52.10,10.4570,0.0000,0.0080
4,52.20,10.4570,0.0000,0.0080
4,52.30,10.4570,0.0000,0.0080
4,52.40,10.4570,0.0000,0.0080
4,52.50,10.4570,0.0000,0.0080
4,52.60,10.4570,0.0000,0.0080
4,52.70,10.4570,0.0000,0.0080
4,52.80,10.4570,0.0000,0.0080
4,52.90,10.4570,0.0000,0.0080
4,53.00,10.4570,0.0000,0.0080
4,53.10,10.4570,0.0000,0.0080
4,53.20,10.4570,0.0000,0.0080
4,53.30,10.4570,0.0000,0.0080
4,53.40,10.4570,0.0000,0.0080
4,53.50,10.4570,0.0000,0.0080
4,53.60,10.4570,0.0000,0.0080
4,53.70,10.4570,0.0000,0.0080
4,53.80,10.4570,0.0000,0.0080
4,53.90,10.4570,0.0000,0.0080
4,54.00,10.4570,0.0000,0.0080
4,54.10,10.4570,0.0000,0.0080
4,54.20,10.4570,0.0000,0.0080
4,54.30,10.4570,0.0000,0.0080
4,54.40,10.4570,0.0000,0.0080
4,54.50,10.4570,0.0000,0.0080
4,54.60,10.4570,0.0000,0.0080
4,54.70,10.4570,0.0000,0.0080
4,54.80,10.4570,0.0000,0.0080
4,54.90,10.4570,0.0000,0.0080
4,55.00,10.4570,0.0000,0.0080
4,55.10,10.4570,0.0000,0.0080
4,55.20,10.4570,0.0000,0.0080
4,55.30,10.4570,0.0000,0.0080
4,55.40,10.4570,0.0000,0.0080
4,55.50,10.4570,0.0000,0.0080
4,55.60,10.4570,0.0000,0.0080
4,55.70,10.4570,0.0000,0.0080
4,55.80,10.4570,0.0000,0.0080
4,55.90,10.4570,0.0000,0.0080
4,56.00,10.4570,0.0000,0.0080
4,56.10,10.4570,0.0000,0.0080
4,56.20,10.4570,0.0000,0.0080
4,56.30,10.4570,0.0000,0.0080
4,56.40,10.4570,0.0000,0.0080
4,56.50,10.4570,0.0000,0.0080
4,56.60,10.4570,0.0000,0.0080
4,56.70,10.4570,0.0000,0.0080
4,56.80,10.4570,0.0000,0.0080
4,56.90,10.4570,0.0000,0.0080
4,57.00,10.4570,0.0000,0.0080
4,57.10,10.4570,0.0000,0.0080
4,57.20,10.4570,0.0000,0.0080
4,57.30,10.4570,0.0000,0.0080
4,57.40,10.4570,0.0000,0.0080
4,57.50,10.4570,0.0000,0.0080
4,57.60,10.4570,0.0000,0.0080
4,57.70,10.4570,0.0000,0.0080
4,57.80,10.4570,0.0000,0.0080
4,57.90,10.4570,0.0000,0.0080
4,58.00,10.4570,0.0000,0.0080
4,58.10,10.4570,0.0000,0.0080
4,58.20,10.4570,0.0000,0.0080
4,58.30,10.4570,0.0000,0.0080
4,58.40,10.4570,0.0000,0.0080
4,58.50,10.4570,0.0000,0.0080
4,58.60,10.4570,0.0000,0.0080
4,58.70,10.4570,0.0000,0.0080
4,58.80,10.4570,0.0000,0.0080
4,58.90,10.4570,0.0000,0.0080
4,59.00,10.4570,0.0000,0.0080
4,59.10,10.4570,0.0000,0.0080
4,59.20,10.4570,0.0000,0.0080
4,59.30,10.4570,0.0000,0.0080
4,59.40,10.4570,0.0000,0.0080
4,59.50,10.4570,0.0000,0.0080
4,59.60,10.4570,0.0000,0.0080
4,59.70,10.4570,0.0000,0.0080
4,59.80,10.4570,0.0000,0.0080
4,59.90,10.4570,0.0000,0.0080
